形态,方向,过滤器,原始信号,过滤后,交易数,胜,负,胜率%,随机胜率%,Z值,显著,平均盈亏,盈亏/ATR,盈亏比,止损率%,平均波动$
CDLSHORTLINE,bear,rsi_mid_overbought,443,80,80,49,31,61.3,46.5,2.65,Y,11.44,0.416,2.19,17.5,25.23
CDL3OUTSIDE,bear,trend_down,131,70,70,40,30,57.1,44.6,2.12,Y,8.53,0.304,1.86,14.3,19.96
CDLSPINNINGTOP,bull,trend_up,508,247,247,135,112,54.7,48.9,1.79,Y,4.89,0.136,1.47,21.1,21.92
CDLHARAMI,bear,rsi_mid_overbought,126,30,30,19,11,63.3,47.3,1.76,Y,15.18,0.487,2.99,13.3,29.72
CDLHIGHWAVE,bull,trend_up,298,150,150,85,65,56.7,49.7,1.71,Y,6.73,0.191,1.68,18.0,21.13
CDLXSIDEGAP3METHODS,bull,atr_low,40,29,29,17,12,58.6,43.4,1.65,Y,7.11,0.055,1.66,20.7,22.22
CDLLONGLINE,bear,rsi_oversold,412,26,26,15,11,57.7,42.7,1.55,N,13.96,0.152,2.0,26.9,43.74
CDLSPINNINGTOP,bear,rsi_mid_overbought,508,104,104,62,42,59.6,52.1,1.53,N,7.79,0.298,1.76,19.2,22.37
CDLLONGLINE,bull,rsi_overbought,412,26,26,17,9,65.4,50.8,1.49,N,27.97,0.907,4.71,15.4,40.62
CDLHIGHWAVE,bear,rsi_mid_overbought,298,63,63,37,26,58.7,49.7,1.44,N,7.19,0.241,1.68,19.0,23.07
CDLSHORTLINE,bull,atr_low,443,318,318,163,155,51.3,47.3,1.42,N,2.38,0.047,1.21,22.3,22.59
CDLSPINNINGTOP,bull,none,508,508,508,266,242,52.4,49.3,1.38,N,3.23,0.09,1.28,21.7,23.1
CDLSHORTLINE,bull,rsi_mid_oversold,443,99,99,55,44,55.6,49.1,1.29,N,2.78,0.127,1.2,22.2,26.11
CDL3OUTSIDE,bull,none,131,131,131,68,63,51.9,46.4,1.26,N,5.37,0.175,1.48,18.3,22.05
CDLDOJI,bull,trend_down,346,165,165,86,79,52.1,47.2,1.26,N,2.61,-0.017,1.24,24.8,22.09
CDLHARAMICROSS,bull,atr_low,35,26,26,17,9,65.4,53.1,1.26,N,17.17,0.476,5.36,3.8,19.81
CDLSHORTLINE,bull,rsi_overbought,443,27,27,15,12,55.6,43.7,1.24,N,2.98,0.099,1.25,22.2,20.81
CDLHIKKAKE,bear,rsi_mid_overbought,338,77,77,45,32,58.4,51.4,1.23,N,-0.34,0.064,0.97,15.6,23.78
CDLRICKSHAWMAN,bull,atr_high,257,63,63,35,28,55.6,48.1,1.19,N,8.63,0.16,1.83,19.0,24.16
CDL3OUTSIDE,bear,atr_high,131,32,32,19,13,59.4,49.1,1.17,N,19.47,0.415,3.32,12.5,25.94
CDLDOJI,bull,rsi_oversold,346,20,20,10,10,50.0,37.5,1.15,N,3.17,-0.199,1.2,50.0,27.13
CDLSHOOTINGSTAR,bear,none,29,29,29,16,13,55.2,45.2,1.08,N,1.25,0.197,1.1,10.3,20.7
CDLHARAMI,bear,atr_low,126,88,88,48,40,54.5,48.9,1.07,N,7.21,0.202,1.74,20.5,24.19
CDLLONGLEGGEDDOJI,bull,trend_down,345,165,165,86,79,52.1,48.2,1.01,N,2.61,-0.017,1.24,24.8,22.09
CDLBELTHOLD,bull,rsi_overbought,358,21,21,13,8,61.9,51.0,1.0,N,15.65,0.538,2.88,14.3,31.24
CDLHIKKAKE,bull,atr_low,338,230,230,123,107,53.5,50.3,0.98,N,1.77,0.072,1.15,20.4,22.47
CDLSPINNINGTOP,bear,atr_low,508,365,365,188,177,51.5,49.0,0.97,N,3.13,0.069,1.3,21.1,21.68
CDLHIKKAKE,bear,trend_up,338,162,162,87,75,53.7,50.1,0.93,N,-0.73,0.001,0.94,20.4,23.42
CDLHARAMI,bull,trend_up,126,54,54,31,23,57.4,51.3,0.9,N,10.22,0.324,2.05,22.2,26.7
CDLSHOOTINGSTAR,bear,trend_up,29,16,16,10,6,62.5,51.2,0.9,N,-0.28,0.092,0.98,12.5,23.76
CDLRICKSHAWMAN,bull,trend_down,257,125,125,64,61,51.2,47.4,0.84,N,1.32,-0.075,1.12,24.8,21.89
CDLHIGHWAVE,bull,none,298,298,298,155,143,52.0,49.7,0.8,N,4.74,0.093,1.43,21.1,22.03
CDLMARUBOZU,bull,atr_low,100,65,65,35,30,53.8,48.9,0.79,N,0.36,0.028,1.03,24.6,22.9
CDLSHORTLINE,bull,none,443,440,440,227,213,51.6,49.7,0.79,N,1.88,0.06,1.14,22.0,26.34
CDLGRAVESTONEDOJI,bear,trend_up,58,26,26,15,11,57.7,50.0,0.78,N,3.79,0.136,1.37,11.5,19.96
CDLSPINNINGTOP,bull,atr_high,508,127,127,67,60,52.8,49.3,0.78,N,2.26,0.095,1.15,23.6,27.9
CDLHIGHWAVE,bull,rsi_overbought,298,27,27,14,13,51.9,44.4,0.77,N,4.24,0.076,1.38,22.2,21.95
CDLHARAMICROSS,bull,trend_up,35,19,19,11,8,57.9,49.5,0.73,N,18.43,0.473,3.55,10.5,25.45
CDLMARUBOZU,bull,trend_up,100,50,50,28,22,56.0,51.0,0.71,N,3.67,0.082,1.34,20.0,24.63
CDLXSIDEGAP3METHODS,bear,trend_down,40,24,24,13,11,54.2,47.1,0.7,N,11.35,0.196,1.95,8.3,26.03
CDLRICKSHAWMAN,bull,atr_low,257,186,186,89,97,47.8,45.3,0.69,N,-0.4,-0.083,0.97,23.1,21.31
CDLSHORTLINE,bull,trend_up,443,221,221,116,105,52.5,50.2,0.69,N,2.18,0.077,1.17,22.6,26.38
CDLADVANCEBLOCK,bear,atr_low,22,15,15,8,7,53.3,44.7,0.68,N,7.68,0.339,2.18,6.7,20.34
CDLDOJI,bull,rsi_mid_oversold,346,146,146,74,72,50.7,47.9,0.68,N,1.84,-0.018,1.18,21.2,20.45
CDLHIGHWAVE,bull,atr_low,298,212,212,106,106,50.0,47.7,0.67,N,3.41,0.045,1.32,20.8,20.6
CDLSHOOTINGSTAR,bear,atr_low,29,22,22,13,9,59.1,52.3,0.64,N,4.41,0.36,1.4,9.1,22.46
CDLSHORTLINE,bull,trend_down,443,218,218,110,108,50.5,48.3,0.62,N,1.47,0.036,1.11,21.6,26.35
CDLDOJI,bull,atr_high,346,87,87,45,42,51.7,48.5,0.6,N,3.33,0.057,1.24,23.0,26.03
CDLLONGLEGGEDDOJI,bull,atr_high,345,87,87,45,42,51.7,48.7,0.56,N,3.33,0.057,1.24,23.0,26.03
CDLADVANCEBLOCK,bear,trend_up,22,19,19,10,9,52.6,46.3,0.55,N,1.4,0.17,1.13,15.8,19.65
CDLSPINNINGTOP,bull,trend_down,508,257,257,128,129,49.8,48.3,0.49,N,1.55,0.039,1.12,22.6,24.37
CDLLONGLEGGEDDOJI,bull,none,345,344,344,169,175,49.1,47.9,0.45,N,0.73,-0.025,1.06,22.7,22.06
CDLLONGLEGGEDDOJI,bull,rsi_oversold,345,20,20,10,10,50.0,45.0,0.45,N,3.17,-0.199,1.2,50.0,27.13
CDLSHOOTINGSTAR,bear,rsi_mid_overbought,29,15,15,8,7,53.3,48.0,0.41,N,-7.32,-0.177,0.56,20.0,22.74
CDLSPINNINGTOP,bull,rsi_overbought,508,38,38,18,20,47.4,44.5,0.36,N,0.4,-0.049,1.03,26.3,21.33
CDLSHORTLINE,bear,rsi_oversold,443,16,16,9,7,56.2,51.9,0.35,N,30.2,0.401,2.96,25.0,57.61
CDLADVANCEBLOCK,bear,none,22,22,22,11,11,50.0,46.8,0.3,N,1.62,0.152,1.15,13.6,20.21
CDLRICKSHAWMAN,bull,rsi_mid_oversold,257,109,109,54,55,49.5,48.3,0.27,N,-0.36,-0.089,0.97,22.0,19.55
CDLRICKSHAWMAN,bull,none,257,257,257,129,128,50.2,49.4,0.25,N,1.88,-0.014,1.17,22.2,21.8
CDLDOJI,bull,none,346,345,345,169,176,49.0,48.4,0.23,N,0.69,-0.028,1.06,22.6,22.02
CDLHIGHWAVE,bull,atr_high,298,75,75,40,35,53.3,52.1,0.21,N,5.69,0.099,1.45,24.0,26.47
CDLHIKKAKE,bear,none,338,338,338,172,166,50.9,50.3,0.21,N,-0.85,0.005,0.94,22.8,24.71
CDLHARAMICROSS,bull,none,35,35,35,18,17,51.4,49.7,0.2,N,6.63,0.232,1.67,11.4,21.33
CDLLONGLEGGEDDOJI,bull,rsi_mid_oversold,345,145,145,74,71,51.0,50.2,0.2,N,1.92,-0.013,1.19,21.4,20.54
CDLGRAVESTONEDOJI,bear,rsi_mid_overbought,58,22,22,12,10,54.5,52.7,0.17,N,0.68,0.048,1.06,18.2,19.39
CDLHAMMER,bull,trend_down,69,39,39,20,19,51.3,50.0,0.16,N,-1.96,-0.15,0.85,30.8,20.6
CDLXSIDEGAP3METHODS,bull,trend_up,40,16,16,8,8,50.0,48.1,0.15,N,-4.86,-0.166,0.67,31.2,26.99
CDLXSIDEGAP3METHODS,bull,none,40,40,40,21,19,52.5,51.5,0.13,N,4.87,0.052,1.37,17.5,26.42
CDLSHORTLINE,bear,atr_high,443,113,113,58,55,51.3,51.1,0.06,N,-0.29,0.062,0.99,22.1,37.86
CDLSPINNINGTOP,bull,rsi_mid_oversold,508,99,99,51,48,51.5,51.2,0.06,N,2.76,0.031,1.26,21.2,23.97
CDLHIGHWAVE,bull,rsi_mid_oversold,298,55,55,28,27,50.9,50.5,0.05,N,4.84,-0.023,1.48,23.6,22.96
CDLHIKKAKE,bull,rsi_mid_oversold,338,81,81,42,39,51.9,51.6,0.04,N,2.85,0.064,1.2,24.7,24.87
CDLGRAVESTONEDOJI,bear,none,58,57,57,29,28,50.9,50.7,0.03,N,0.54,0.031,1.04,17.5,21.81
CDLGRAVESTONEDOJI,bear,atr_low,58,39,39,20,19,51.3,51.0,0.03,N,3.82,0.127,1.4,15.4,20.56
CDLHIGHWAVE,bear,rsi_oversold,298,16,16,6,10,37.5,37.5,0.0,N,5.88,-0.242,1.3,37.5,38.09
CDLSPINNINGTOP,bull,rsi_oversold,508,32,32,14,18,43.8,44.1,-0.04,N,-0.85,-0.087,0.96,34.4,35.22
CDLHIKKAKE,bull,trend_down,338,176,176,85,91,48.3,48.5,-0.05,N,-0.96,0.008,0.94,25.0,25.89
CDLMARUBOZU,bull,none,100,99,99,51,48,51.5,52.1,-0.12,N,0.32,0.023,1.03,24.2,23.81
CDLLONGLEGGEDDOJI,bull,atr_low,345,247,247,118,129,47.8,48.2,-0.13,N,-0.22,-0.063,0.98,22.7,20.88
CDLMARUBOZU,bear,trend_down,100,48,48,22,26,45.8,47.1,-0.17,N,-4.73,-0.116,0.67,29.2,21.94
CDLGRAVESTONEDOJI,bear,atr_high,58,17,17,8,9,47.1,49.4,-0.19,N,-7.55,-0.213,0.6,23.5,24.93
CDLHANGINGMAN,bear,atr_low,41,27,27,12,15,44.4,46.3,-0.19,N,-5.78,-0.21,0.5,18.5,20.54
CDLHARAMI,bull,none,126,126,126,61,65,48.4,49.4,-0.21,N,0.3,0.078,1.02,21.4,25.61
CDL3OUTSIDE,bull,atr_low,131,96,96,47,49,49.0,50.1,-0.22,N,-0.03,0.067,1.0,20.8,21.2
CDLLONGLINE,bull,atr_low,412,281,281,136,145,48.4,49.1,-0.24,N,1.88,0.07,1.18,18.9,21.17
CDLENGULFING,bull,rsi_mid_oversold,297,57,57,26,31,45.6,47.4,-0.27,N,0.47,-0.002,1.03,22.8,22.33
CDLBELTHOLD,bull,trend_up,358,160,160,73,87,45.6,46.8,-0.3,N,-0.13,-0.039,0.99,21.9,25.05
CDLMARUBOZU,bull,atr_high,100,30,30,14,16,46.7,49.7,-0.33,N,-0.51,-0.047,0.96,23.3,24.13
CDLRICKSHAWMAN,bull,trend_up,257,130,130,63,67,48.5,50.0,-0.35,N,2.14,0.026,1.18,20.0,21.9
CDLENGULFING,bear,atr_low,297,210,210,101,109,48.1,49.3,-0.36,N,1.9,0.034,1.17,22.9,21.76
CDLHIGHWAVE,bull,trend_down,298,146,146,68,78,46.6,48.1,-0.36,N,2.52,-0.02,1.21,24.7,23.11
CDLLONGLINE,bull,trend_up,412,207,207,97,110,46.9,48.2,-0.38,N,2.17,0.029,1.19,20.3,23.32
CDL3OUTSIDE,bear,trend_up,131,59,59,27,32,45.8,48.3,-0.39,N,1.53,0.01,1.12,23.7,24.91
CDLGRAVESTONEDOJI,bear,trend_down,58,31,31,14,17,45.2,48.7,-0.4,N,-2.19,-0.057,0.84,22.6,23.35
CDLRICKSHAWMAN,bull,rsi_overbought,257,20,20,9,11,45.0,49.5,-0.4,N,-1.72,-0.03,0.88,25.0,20.41
CDLINVERTEDHAMMER,bull,none,23,22,22,10,12,45.5,50.0,-0.43,N,-8.92,-0.178,0.52,27.3,22.82
CDLENGULFING,bear,rsi_mid_overbought,297,46,46,23,23,50.0,53.3,-0.44,N,1.25,0.079,1.14,13.0,18.6
CDLINVERTEDHAMMER,bull,atr_low,23,17,17,8,9,47.1,52.9,-0.49,N,0.37,-0.048,1.04,17.6,12.56
CDLLONGLINE,bull,trend_down,412,203,203,96,107,47.3,49.0,-0.49,N,2.32,0.074,1.18,17.7,26.44
CDLMARUBOZU,bull,rsi_mid_oversold,100,19,19,8,11,42.1,47.9,-0.51,N,-5.04,-0.095,0.63,26.3,23.68
CDLHAMMER,bull,none,69,69,69,31,38,44.9,48.3,-0.55,N,-3.07,-0.152,0.77,27.5,21.1
CDLHAMMER,bull,rsi_mid_oversold,69,32,32,14,18,43.8,48.8,-0.57,N,-7.98,-0.287,0.54,31.2,17.05
CDLBELTHOLD,bear,atr_high,358,119,119,55,64,46.2,48.9,-0.59,N,2.73,0.021,1.18,16.0,27.49
CDLMATCHINGLOW,bull,trend_down,35,19,19,8,11,42.1,48.9,-0.6,N,-10.4,-0.344,0.37,31.6,20.7
CDLHIKKAKE,bear,rsi_overbought,338,22,22,9,13,40.9,48.2,-0.68,N,-7.7,-0.328,0.51,36.4,14.67
CDLTAKURI,bull,none,38,38,38,17,21,44.7,50.3,-0.68,N,-4.77,-0.133,0.69,23.7,17.58
CDLDOJI,bull,atr_low,346,248,248,118,130,47.6,49.8,-0.71,N,-0.26,-0.066,0.98,22.6,20.83
CDLHARAMICROSS,bull,trend_down,35,16,16,7,9,43.8,53.1,-0.75,N,-7.39,-0.055,0.43,12.5,16.43
CDLLONGLINE,bull,none,412,411,411,194,217,47.2,49.1,-0.75,N,2.42,0.06,1.2,19.0,24.98
CDLLONGLINE,bull,atr_high,412,121,121,54,67,44.6,48.0,-0.75,N,3.49,0.001,1.23,17.4,32.7
CDLENGULFING,bull,none,297,297,297,135,162,45.5,47.6,-0.76,N,0.79,-0.013,1.06,23.2,24.0
CDLHAMMER,bull,atr_low,69,53,53,25,28,47.2,52.6,-0.8,N,-0.44,-0.172,0.96,24.5,17.86
CDLHANGINGMAN,bear,trend_up,41,29,29,12,17,41.4,49.0,-0.82,N,-3.99,-0.174,0.67,13.8,26.56
CDLHIKKAKE,bull,atr_high,338,101,101,46,55,45.5,49.8,-0.86,N,-6.45,-0.129,0.66,26.7,30.08
CDL3INSIDE,bull,none,21,21,21,9,12,42.9,52.4,-0.87,N,8.06,0.319,1.52,28.6,37.24
CDLBELTHOLD,bear,rsi_mid_overbought,358,47,47,19,28,40.4,46.8,-0.88,N,-9.26,-0.301,0.37,23.4,20.28
CDLTAKURI,bull,atr_low,38,27,27,11,16,40.7,49.3,-0.89,N,-3.44,-0.199,0.69,18.5,11.56
CDLDRAGONFLYDOJI,bull,atr_low,38,27,27,11,16,40.7,49.6,-0.92,N,-3.44,-0.199,0.69,18.5,11.56
CDLBELTHOLD,bear,trend_down,358,196,196,88,108,44.9,48.2,-0.93,N,-0.3,-0.038,0.98,21.9,24.86
CDLBELTHOLD,bull,none,358,357,357,162,195,45.4,47.9,-0.95,N,-0.01,-0.027,1.0,21.8,25.08
CDLHAMMER,bull,trend_up,69,29,29,10,19,34.5,43.4,-0.97,N,-7.39,-0.299,0.49,24.1,21.54
CDLENGULFING,bear,trend_down,297,162,162,72,90,44.4,48.3,-0.99,N,0.93,0.01,1.06,25.3,25.41
CDLLONGLINE,bear,rsi_mid_overbought,412,56,56,25,31,44.6,51.4,-1.02,N,-2.17,-0.181,0.78,17.9,20.05
CDLHARAMI,bull,rsi_mid_oversold,126,35,35,14,21,40.0,48.9,-1.05,N,-9.35,-0.167,0.49,25.7,26.52
CDLDRAGONFLYDOJI,bull,trend_up,38,26,26,10,16,38.5,48.8,-1.06,N,-9.8,-0.243,0.52,30.8,24.25
CDLENGULFING,bear,trend_up,297,132,132,61,71,46.2,51.1,-1.13,N,0.46,-0.051,1.04,21.2,22.54
CDLMATCHINGLOW,bull,rsi_mid_oversold,35,19,19,7,12,36.8,50.0,-1.15,N,-10.05,-0.32,0.38,26.3,20.0
CDLDOJI,bull,trend_up,346,178,178,81,97,45.5,49.9,-1.17,N,-1.3,-0.052,0.9,20.8,22.1
CDLDOJI,bull,rsi_overbought,346,29,29,11,18,37.9,49.0,-1.19,N,-9.35,-0.229,0.52,31.0,22.03
CDLDRAGONFLYDOJI,bull,none,38,38,38,16,22,42.1,51.8,-1.2,N,-6.41,-0.199,0.6,26.3,19.32
CDLENGULFING,bear,atr_high,297,78,78,31,47,39.7,46.8,-1.25,N,-0.32,-0.087,0.98,23.1,30.78
CDLTAKURI,bull,trend_up,38,25,25,10,15,40.0,52.8,-1.28,N,-9.05,-0.203,0.55,28.0,21.17
CDLLONGLEGGEDDOJI,bull,trend_up,345,177,177,81,96,45.8,50.6,-1.29,N,-1.25,-0.048,0.91,20.9,22.18
CDLHANGINGMAN,bear,none,41,41,41,16,25,39.0,49.3,-1.31,N,-3.93,-0.209,0.7,17.1,26.62
CDLBELTHOLD,bull,atr_low,358,231,231,102,129,44.2,48.8,-1.41,N,-2.03,-0.083,0.84,25.1,23.43
CDLLONGLEGGEDDOJI,bull,rsi_overbought,345,29,29,11,18,37.9,51.4,-1.45,N,-9.35,-0.229,0.52,31.0,22.03
CDL3INSIDE,bull,atr_low,21,17,17,6,11,35.3,52.9,-1.46,N,3.13,0.171,1.18,35.3,39.32
CDLLONGLINE,bull,rsi_mid_oversold,412,73,73,30,43,41.1,50.0,-1.52,N,-2.88,0.006,0.81,17.8,25.97
CDL3OUTSIDE,bull,rsi_mid_oversold,131,20,20,8,12,40.0,57.0,-1.54,N,-2.47,-0.191,0.83,30.0,26.36
CDLMATCHINGLOW,bull,none,35,35,35,12,23,34.3,47.7,-1.59,N,-10.17,-0.371,0.39,31.4,20.35
CDLHARAMI,bear,trend_down,126,72,72,30,42,41.7,51.1,-1.6,N,-7.14,-0.107,0.62,20.8,24.79
CDLMATCHINGLOW,bull,trend_up,35,16,16,4,12,25.0,45.0,-1.61,N,-9.9,-0.404,0.42,31.2,19.94
CDLHIKKAKE,bull,rsi_oversold,338,21,21,6,15,28.6,46.2,-1.62,N,-27.34,-0.505,0.25,47.6,40.4
CDLBELTHOLD,bear,rsi_oversold,358,28,28,10,18,35.7,51.8,-1.7,N,-11.01,-0.239,0.58,35.7,32.98
CDLMATCHINGLOW,bull,atr_low,35,27,27,9,18,33.3,50.4,-1.77,N,-13.83,-0.437,0.27,37.0,22.16
CDLHANGINGMAN,bear,rsi_mid_overbought,41,20,20,7,13,35.0,55.0,-1.8,N,-8.04,-0.326,0.47,20.0,30.12
CDLHARAMI,bear,atr_high,126,37,37,12,25,32.4,47.3,-1.81,N,-18.35,-0.302,0.34,24.3,28.2
CDLBELTHOLD,bull,rsi_mid_oversold,358,69,69,24,45,34.8,46.8,-2.0,N,-7.29,-0.189,0.58,26.1,26.09
