形态,时间,方向,过滤器,入场价,止损价,盈亏,是否止损,胜,共振M15
CDLSHORTLINE,2026-04-15 19:00,BULL,rsi_mid_oversold,4827.7,4804.45,6.2,N,Y,Y
CDLLONGLINE,2026-04-15 19:30,BULL,rsi_mid_oversold,4835.7,4812.51,8.7,N,Y,Y
CDLDOJI,2026-04-15 20:00,BULL,rsi_mid_oversold,4835.2,4812.49,16.7,N,Y,Y
CDLDOJI,2026-04-15 20:30,BULL,rsi_mid_oversold,4833.9,4811.8,14.3,N,Y,N
CDLCLOSINGMARUBOZU,2026-04-15 21:00,BULL,rsi_mid_oversold,4844.4,4822.18,-6.0,N,N,N
CDLHARAMI,2026-04-15 22:00,BEAR,rsi_mid_overbought,4848.2,4870.51,24.7,N,Y,Y
CDL3INSIDE,2026-04-15 22:30,BEAR,trend_up,4838.4,4860.69,4.7,N,Y,Y
CDLHARAMI,2026-04-15 23:30,BULL,rsi_mid_oversold,4823.5,4799.24,0.1,N,Y,Y
CDLCLOSINGMARUBOZU,2026-04-16 00:00,BULL,rsi_mid_oversold,4833.7,4809.61,-18.9,N,N,Y
CDLHARAMI,2026-04-16 02:00,BULL,rsi_mid_oversold,4817.0,4793.97,1.3,N,Y,Y
CDLSHORTLINE,2026-04-16 02:30,BULL,rsi_mid_oversold,4822.2,4799.74,-5.7,N,N,Y
CDLSHORTLINE,2026-04-16 03:00,BULL,rsi_mid_oversold,4825.2,4803.62,-11.3,N,N,Y
CDLHAMMER,2026-04-16 04:30,BULL,rsi_mid_oversold,4813.9,4794.46,22.6,N,Y,Y
CDLENGULFING,2026-04-16 06:00,BULL,rsi_mid_oversold,4822.0,4802.53,23.4,N,Y,Y
CDL3OUTSIDE,2026-04-16 06:30,BULL,rsi_mid_oversold,4829.2,4809.45,17.6,N,Y,Y
CDLADVANCEBLOCK,2026-04-16 08:00,BEAR,rsi_mid_overbought,4846.8,4866.27,6.9,N,Y,Y
CDLENGULFING,2026-04-16 09:00,BEAR,rsi_mid_overbought,4845.4,4866.21,3.3,N,Y,Y
CDLHARAMI,2026-04-16 13:00,BEAR,rsi_mid_overbought,4855.5,4873.65,7.2,N,Y,Y
CDL3INSIDE,2026-04-16 13:30,BEAR,rsi_mid_overbought,4844.1,4862.6,-5.6,N,N,Y
CDLXSIDEGAP3METHODS,2026-04-16 14:30,BEAR,rsi_mid_overbought,4848.3,4867.91,15.4,N,Y,Y
CDLENGULFING,2026-04-16 15:30,BEAR,rsi_mid_overbought,4843.0,4863.0,8.7,N,Y,Y
CDLHIKKAKE,2026-04-16 16:00,BULL,rsi_mid_oversold,4832.9,4812.43,1.3,N,Y,Y
CDLHARAMI,2026-04-16 16:30,BULL,rsi_mid_oversold,4834.7,4814.66,-6.3,N,N,Y
CDLDOJI,2026-04-16 17:00,BULL,rsi_mid_oversold,4834.3,4814.82,4.4,N,Y,Y
CDLDOJI,2026-04-16 17:30,BULL,rsi_mid_oversold,4834.2,4814.97,3.4,N,Y,Y
CDLCLOSINGMARUBOZU,2026-04-16 18:30,BULL,rsi_mid_oversold,4838.7,4819.29,-1.7,N,N,Y
CDLDOJI,2026-04-16 19:00,BULL,rsi_mid_oversold,4837.6,4818.91,0.2,N,Y,Y
CDLDOJI,2026-04-16 20:30,BULL,rsi_mid_oversold,4837.8,4819.56,-18.24,Y,N,Y
CDLDOJI,2026-04-16 21:00,BULL,rsi_mid_oversold,4837.6,4819.58,-18.02,Y,N,Y
CDLSPINNINGTOP,2026-04-16 22:00,BULL,rsi_mid_oversold,4821.0,4797.96,-23.04,Y,N,Y
CDLHIKKAKE,2026-04-16 22:30,BULL,rsi_mid_oversold,4810.3,4785.04,10.0,N,Y,Y
CDLBELTHOLD,2026-04-16 23:00,BULL,rsi_mid_oversold,4823.2,4796.65,-10.5,N,N,Y
CDLHIKKAKE,2026-04-17 00:00,BULL,rsi_mid_oversold,4820.3,4794.09,-10.2,N,N,Y
CDLSHORTLINE,2026-04-17 01:30,BULL,rsi_mid_oversold,4810.1,4784.96,1.5,N,Y,Y
CDLSHORTLINE,2026-04-17 02:30,BULL,rsi_mid_oversold,4809.7,4786.22,0.7,N,Y,Y
CDLDOJI,2026-04-17 03:00,BULL,rsi_mid_oversold,4811.6,4789.02,-0.7,N,N,Y
CDLDOJI,2026-04-17 04:30,BULL,rsi_mid_oversold,4810.9,4790.5,3.4,N,Y,Y
CDLSPINNINGTOP,2026-04-17 06:30,BULL,rsi_mid_oversold,4816.0,4796.67,-2.0,N,N,N
CDLHAMMER,2026-04-17 08:00,BULL,rsi_mid_oversold,4814.0,4796.34,-17.66,Y,N,Y
CDLBELTHOLD,2026-04-17 08:30,BULL,rsi_mid_oversold,4816.3,4798.82,-17.48,Y,N,Y
CDLLONGLINE,2026-04-17 09:30,BULL,rsi_mid_oversold,4810.2,4788.63,4.8,N,Y,Y
CDLINVERTEDHAMMER,2026-04-17 10:30,BULL,rsi_mid_oversold,4804.6,4783.96,12.2,N,Y,N
CDLBELTHOLD,2026-04-17 11:00,BULL,rsi_mid_oversold,4815.0,4794.02,9.2,N,Y,N
CDLDOJI,2026-04-17 11:30,BULL,rsi_mid_oversold,4814.1,4793.97,10.7,N,Y,N
CDLHARAMI,2026-04-17 11:30,BEAR,trend_up,4814.1,4834.23,-10.7,N,N,Y
CDLHIKKAKE,2026-04-17 12:30,BEAR,rsi_mid_overbought,4824.2,4843.2,19.0,N,Y,Y
CDLCLOSINGMARUBOZU,2026-04-17 13:30,BEAR,trend_up,4815.9,4834.49,3.9,N,Y,Y
CDLDOJI,2026-04-17 14:30,BULL,rsi_mid_oversold,4805.5,4787.08,0.6,N,Y,Y
CDLLONGLINE,2026-04-17 15:00,BULL,rsi_mid_oversold,4812.0,4793.81,5.8,N,Y,Y
CDLDOJI,2026-04-17 16:00,BULL,rsi_mid_oversold,4806.1,4787.43,6.1,N,Y,Y
CDLHIKKAKE,2026-04-17 16:30,BEAR,rsi_mid_overbought,4817.8,4836.74,6.1,N,Y,Y
CDLHARAMI,2026-04-17 17:00,BEAR,rsi_mid_overbought,4817.6,4836.33,8.6,N,Y,Y
CDLDOJI,2026-04-17 18:00,BULL,rsi_mid_oversold,4811.7,4793.68,10.3,N,Y,N
CDLHAMMER,2026-04-17 18:30,BULL,rsi_mid_oversold,4809.0,4791.19,30.4,N,Y,Y
CDLADVANCEBLOCK,2026-04-17 21:00,BEAR,trend_up,4874.6,4903.89,-29.29,Y,N,Y
CDLHIKKAKE,2026-04-17 22:00,BEAR,trend_up,4894.4,4926.88,4.7,N,Y,Y
CDLENGULFING,2026-04-17 23:00,BEAR,trend_up,4888.6,4920.52,-0.4,N,N,Y
CDLENGULFING,2026-04-18 00:30,BEAR,trend_up,4889.0,4918.84,6.1,N,Y,Y
CDL3OUTSIDE,2026-04-18 01:00,BEAR,rsi_mid_overbought,4880.5,4910.23,0.9,N,Y,Y
CDLSHORTLINE,2026-04-18 02:00,BEAR,rsi_mid_overbought,4882.9,4910.94,7.4,N,Y,Y
CDLSHORTLINE,2026-04-18 03:00,BEAR,rsi_mid_overbought,4878.3,4904.41,-1.3,N,N,Y
CDLBELTHOLD,2026-04-18 04:00,BEAR,rsi_mid_overbought,4867.0,4891.95,67.6,N,Y,Y
CDLCLOSINGMARUBOZU,2026-04-20 08:00,BULL,rsi_mid_oversold,4785.5,4749.52,42.3,N,Y,Y
CDLBELTHOLD,2026-04-20 09:00,BULL,rsi_mid_oversold,4822.1,4785.26,-8.8,N,N,Y
CDLHARAMI,2026-04-20 18:00,BULL,rsi_mid_oversold,4818.4,4779.4,12.5,N,Y,Y
CDLHARAMI,2026-04-20 20:00,BEAR,trend_up,4825.9,4873.32,-12.9,N,N,Y
CDLDOJI,2026-04-20 20:30,BULL,rsi_mid_oversold,4823.3,4777.91,20.0,N,Y,N
CDLHARAMI,2026-04-20 21:30,BEAR,rsi_mid_overbought,4838.8,4882.4,10.4,N,Y,Y
CDLDOJI,2026-04-20 23:00,BULL,rsi_mid_oversold,4828.4,4784.93,-2.8,N,N,N
CDLDOJI,2026-04-21 00:00,BULL,rsi_mid_oversold,4821.5,4781.16,5.6,N,Y,Y
CDLSHORTLINE,2026-04-21 00:30,BULL,rsi_mid_oversold,4825.6,4787.15,8.3,N,Y,Y
CDLHIGHWAVE,2026-04-21 06:30,BEAR,rsi_mid_overbought,4848.5,4874.31,9.0,N,Y,Y
CDLBELTHOLD,2026-04-21 07:30,BEAR,rsi_mid_overbought,4842.4,4866.33,4.2,N,Y,Y
CDLCLOSINGMARUBOZU,2026-04-21 08:00,BEAR,rsi_mid_overbought,4839.5,4863.22,9.7,N,Y,Y
CDLBELTHOLD,2026-04-21 09:00,BEAR,rsi_mid_overbought,4838.2,4861.22,12.2,N,Y,N
CDLDOJI,2026-04-21 10:30,BULL,rsi_mid_oversold,4826.0,4804.39,-15.2,N,N,Y
CDLMATCHINGLOW,2026-04-21 14:30,BULL,trend_down,4796.8,4773.49,9.1,N,Y,Y
CDLSPINNINGTOP,2026-04-21 15:30,BULL,rsi_mid_oversold,4804.9,4781.45,-3.8,N,N,Y
CDLSPINNINGTOP,2026-04-21 16:00,BULL,rsi_mid_oversold,4805.9,4782.29,-3.5,N,N,Y
CDLDOJI,2026-04-21 16:30,BULL,rsi_mid_oversold,4805.0,4782.01,-2.9,N,N,Y
CDLDOJI,2026-04-21 18:00,BULL,rsi_mid_oversold,4802.1,4781.41,12.1,N,Y,Y
CDLBELTHOLD,2026-04-21 18:30,BULL,rsi_mid_oversold,4809.0,4788.78,-9.3,N,N,Y
CDLENGULFING,2026-04-21 21:30,BULL,rsi_mid_oversold,4798.2,4771.54,-26.66,Y,N,Y
CDLHARAMI,2026-04-21 23:00,BULL,trend_down,4761.1,4728.37,-32.73,Y,N,Y
CDLDOJI,2026-04-21 23:30,BULL,trend_down,4759.8,4727.74,-32.06,Y,N,N
CDLHIKKAKE,2026-04-22 00:00,BULL,trend_down,4739.9,4706.59,-8.9,N,N,Y
CDLHARAMI,2026-04-22 02:30,BULL,rsi_mid_oversold,4728.1,4693.53,-34.57,Y,N,Y
CDL3INSIDE,2026-04-22 03:00,BULL,rsi_mid_oversold,4732.9,4699.38,-33.52,Y,N,Y
CDLSHORTLINE,2026-04-22 04:30,BULL,rsi_mid_oversold,4738.5,4699.75,9.5,N,Y,Y
CDLDOJI,2026-04-22 06:00,BULL,rsi_mid_oversold,4737.0,4699.29,18.8,N,Y,Y
CDLDOJI,2026-04-22 06:30,BULL,rsi_mid_oversold,4737.6,4701.96,23.0,N,Y,Y
CDLSHORTLINE,2026-04-22 07:00,BULL,rsi_mid_oversold,4748.0,4713.02,9.7,N,Y,Y
CDLSHORTLINE,2026-04-22 07:30,BULL,rsi_mid_oversold,4755.8,4721.8,8.3,N,Y,N
CDLSHOOTINGSTAR,2026-04-22 08:00,BEAR,rsi_mid_overbought,4760.6,4793.44,-9.2,N,N,Y
CDLHARAMI,2026-04-22 11:30,BEAR,rsi_mid_overbought,4777.0,4803.19,-7.2,N,N,Y
CDLSHORTLINE,2026-04-22 12:00,BEAR,rsi_mid_overbought,4773.5,4798.44,-12.9,N,N,Y
CDLHIGHWAVE,2026-04-22 12:30,BEAR,rsi_mid_overbought,4772.4,4796.46,-13.0,N,N,Y
CDLHANGINGMAN,2026-04-22 14:30,BEAR,rsi_mid_overbought,4786.0,4808.37,13.0,N,Y,Y
CDLHIGHWAVE,2026-04-22 15:00,BEAR,rsi_mid_overbought,4784.7,4806.72,9.0,N,Y,Y
CDLBELTHOLD,2026-04-22 15:30,BEAR,rsi_mid_overbought,4779.5,4800.82,4.5,N,Y,Y
CDLCLOSINGMARUBOZU,2026-04-22 16:00,BEAR,rsi_mid_overbought,4773.0,4793.86,-0.4,N,N,Y
CDLSPINNINGTOP,2026-04-22 17:30,BEAR,rsi_mid_overbought,4773.4,4792.77,-2.7,N,N,N
CDLHIGHWAVE,2026-04-22 18:00,BEAR,rsi_mid_overbought,4773.4,4792.89,4.5,N,Y,Y
CDLHARAMI,2026-04-22 19:00,BEAR,rsi_mid_overbought,4776.1,4794.27,13.5,N,Y,Y
CDLHARAMI,2026-04-22 20:00,BULL,rsi_mid_oversold,4772.1,4753.33,-0.4,N,N,Y
CDLCLOSINGMARUBOZU,2026-04-22 21:00,BULL,rsi_mid_oversold,4768.5,4749.12,-19.38,Y,N,Y
CDLHIGHWAVE,2026-04-22 21:30,BULL,trend_down,4771.7,4751.28,-20.42,Y,N,Y
CDLXSIDEGAP3METHODS,2026-04-22 22:00,BULL,rsi_mid_oversold,4763.0,4742.1,-16.8,N,N,Y
CDLHIKKAKE,2026-04-22 22:30,BULL,rsi_mid_oversold,4754.3,4732.81,-8.8,N,N,Y
CDLHIKKAKE,2026-04-22 23:30,BULL,rsi_mid_oversold,4746.2,4725.11,7.6,N,Y,Y
CDLDOJI,2026-04-23 00:00,BULL,rsi_mid_oversold,4745.5,4724.42,10.9,N,Y,Y
CDLENGULFING,2026-04-23 00:30,BULL,rsi_mid_oversold,4747.5,4726.88,1.5,N,Y,Y
CDLBELTHOLD,2026-04-23 01:00,BULL,rsi_mid_oversold,4753.8,4733.25,6.9,N,Y,Y
CDLSHORTLINE,2026-04-23 01:30,BULL,rsi_mid_oversold,4756.4,4736.74,7.1,N,Y,Y
CDLXSIDEGAP3METHODS,2026-04-23 02:00,BULL,rsi_mid_oversold,4749.0,4729.6,10.0,N,Y,Y
CDLBELTHOLD,2026-04-23 02:30,BULL,rsi_mid_oversold,4760.7,4740.03,-4.9,N,N,Y
CDLHIKKAKE,2026-04-23 04:00,BULL,rsi_mid_oversold,4755.8,4736.64,-12.6,N,N,Y
CDLSHORTLINE,2026-04-23 04:30,BULL,rsi_mid_oversold,4758.3,4739.89,-12.9,N,N,Y
CDLHARAMI,2026-04-23 07:00,BULL,rsi_mid_oversold,4745.4,4727.3,-18.1,Y,N,Y
CDLDOJI,2026-04-23 07:30,BULL,rsi_mid_oversold,4745.0,4727.51,-17.49,Y,N,Y
CDLHARAMI,2026-04-23 11:00,BULL,rsi_mid_oversold,4719.2,4694.41,0.9,N,Y,Y
CDLDOJI,2026-04-23 11:30,BULL,rsi_mid_oversold,4720.0,4696.17,1.5,N,Y,Y
CDLHAMMER,2026-04-23 12:00,BULL,rsi_mid_oversold,4721.3,4698.4,7.7,N,Y,Y
CDLDOJI,2026-04-23 12:30,BULL,rsi_mid_oversold,4720.1,4697.8,8.6,N,Y,Y
CDLENGULFING,2026-04-23 13:00,BULL,rsi_mid_oversold,4721.5,4699.91,8.6,N,Y,Y
CDL3OUTSIDE,2026-04-23 13:30,BULL,rsi_mid_oversold,4729.0,4705.78,-6.2,N,N,Y
CDLDOJI,2026-04-23 14:00,BULL,rsi_mid_oversold,4728.7,4705.98,7.4,N,Y,Y
CDLENGULFING,2026-04-23 14:30,BULL,rsi_mid_oversold,4730.1,4707.35,2.1,N,Y,Y
CDLENGULFING,2026-04-23 15:30,BULL,rsi_mid_oversold,4736.1,4712.7,-23.4,Y,N,N
CDLHAMMER,2026-04-23 17:00,BULL,rsi_mid_oversold,4716.9,4694.1,-4.3,N,N,Y
CDLHIKKAKE,2026-04-23 18:00,BULL,rsi_mid_oversold,4702.7,4679.81,34.7,N,Y,Y
CDLCLOSINGMARUBOZU,2026-04-23 18:30,BULL,rsi_mid_oversold,4712.6,4689.68,38.0,N,Y,Y
CDLADVANCEBLOCK,2026-04-23 20:30,BEAR,rsi_mid_overbought,4757.7,4782.21,9.2,N,Y,Y
CDLBELTHOLD,2026-04-23 21:00,BEAR,rsi_mid_overbought,4744.3,4769.27,-6.3,N,N,Y
CDL3OUTSIDE,2026-04-23 21:30,BEAR,rsi_mid_overbought,4742.0,4767.4,-8.7,N,N,Y
CDLHIGHWAVE,2026-04-23 23:00,BEAR,rsi_mid_overbought,4750.7,4776.26,0.9,N,Y,Y
CDLHARAMI,2026-04-24 01:30,BULL,rsi_mid_oversold,4725.6,4693.81,-9.1,N,N,Y
CDLSHORTLINE,2026-04-24 02:00,BULL,rsi_mid_oversold,4732.9,4701.53,-20.1,N,N,Y
CDLDOJI,2026-04-24 03:00,BULL,rsi_mid_oversold,4716.5,4685.43,-7.9,N,N,Y
CDLHAMMER,2026-04-24 03:30,BULL,rsi_mid_oversold,4712.8,4682.47,-4.6,N,N,Y
CDLSHORTLINE,2026-04-24 04:30,BULL,rsi_mid_oversold,4708.6,4680.26,1.1,N,Y,Y
CDLDOJI,2026-04-24 06:30,BULL,rsi_mid_oversold,4708.5,4681.8,12.0,N,Y,Y
CDLDOJI,2026-04-24 07:00,BULL,rsi_mid_oversold,4709.7,4683.78,10.1,N,Y,Y
CDLDOJI,2026-04-24 07:30,BULL,rsi_mid_oversold,4710.8,4685.64,3.2,N,Y,Y
CDLCLOSINGMARUBOZU,2026-04-24 08:00,BULL,rsi_mid_oversold,4720.5,4695.3,-5.4,N,N,Y
CDLDOJI,2026-04-24 08:30,BULL,rsi_mid_oversold,4719.8,4695.07,-20.9,N,N,Y
CDLDOJI,2026-04-24 09:30,BULL,rsi_mid_oversold,4715.1,4690.51,-24.59,Y,N,Y
CDLHIKKAKE,2026-04-24 12:00,BULL,trend_down,4674.6,4650.0,26.9,N,Y,Y
CDLLONGLINE,2026-04-24 12:30,BULL,rsi_mid_oversold,4689.3,4664.05,-2.8,N,N,Y
CDLSPINNINGTOP,2026-04-24 13:00,BULL,rsi_mid_oversold,4691.6,4666.98,-4.5,N,N,Y
CDLBELTHOLD,2026-04-24 13:30,BULL,rsi_mid_oversold,4701.5,4677.3,-1.8,N,N,Y
CDLDOJI,2026-04-24 14:30,BULL,rsi_mid_oversold,4687.1,4662.83,15.7,N,Y,Y
CDLBELTHOLD,2026-04-24 15:00,BULL,rsi_mid_oversold,4699.7,4675.43,5.8,N,Y,Y
CDLDOJI,2026-04-24 17:30,BULL,rsi_mid_oversold,4697.7,4674.87,34.2,N,Y,Y
CDLDOJI,2026-04-24 18:00,BULL,rsi_mid_oversold,4697.4,4675.4,25.8,N,Y,Y
CDLHIKKAKE,2026-04-24 18:30,BULL,rsi_mid_oversold,4693.0,4671.6,33.0,N,Y,Y
CDLBELTHOLD,2026-04-24 20:30,BEAR,rsi_mid_overbought,4716.9,4742.34,-25.44,Y,N,Y
CDL3OUTSIDE,2026-04-24 21:00,BEAR,rsi_mid_overbought,4713.1,4738.27,-25.17,Y,N,Y
CDLDOJISTAR,2026-04-24 22:30,BEAR,rsi_mid_overbought,4743.2,4771.59,3.3,N,Y,Y
CDLENGULFING,2026-04-24 23:00,BEAR,rsi_mid_overbought,4738.6,4766.12,-5.1,N,N,Y
CDLSHORTLINE,2026-04-25 00:00,BEAR,rsi_mid_overbought,4739.9,4767.23,-0.2,N,N,Y
CDLENGULFING,2026-04-25 01:00,BEAR,rsi_mid_overbought,4739.9,4765.48,1.2,N,Y,Y
CDLBELTHOLD,2026-04-25 02:00,BEAR,rsi_mid_overbought,4733.3,4757.42,1.2,N,Y,Y
CDLSHORTLINE,2026-04-25 03:00,BEAR,rsi_mid_overbought,4735.3,4757.97,-5.6,N,N,Y
CDLSHORTLINE,2026-04-25 03:30,BEAR,rsi_mid_overbought,4732.1,4754.03,30.4,N,Y,Y
CDL3LINESTRIKE,2026-04-25 04:30,BEAR,rsi_mid_overbought,4740.9,4763.7,48.8,N,Y,N
CDLHIKKAKE,2026-04-27 07:00,BULL,rsi_mid_oversold,4692.1,4667.07,20.5,N,Y,Y
CDLDOJI,2026-04-27 08:00,BULL,rsi_mid_oversold,4695.5,4671.66,21.6,N,Y,Y
CDLCLOSINGMARUBOZU,2026-04-27 08:30,BULL,rsi_mid_oversold,4712.6,4687.72,7.8,N,Y,Y
CDLDOJI,2026-04-27 09:00,BULL,rsi_mid_oversold,4712.9,4687.39,20.0,N,Y,Y
CDLHIKKAKE,2026-04-27 10:00,BEAR,rsi_mid_overbought,4720.4,4745.19,-19.4,N,N,Y
CDLHIKKAKE,2026-04-27 11:30,BEAR,rsi_mid_overbought,4739.8,4764.45,5.6,N,Y,Y
CDLSHORTLINE,2026-04-27 12:30,BEAR,rsi_mid_overbought,4740.5,4763.25,10.9,N,Y,Y
CDLBELTHOLD,2026-04-27 13:00,BEAR,rsi_mid_overbought,4734.2,4756.51,6.6,N,Y,Y
CDLBELTHOLD,2026-04-27 13:30,BEAR,rsi_mid_overbought,4725.7,4747.71,-5.2,N,N,Y
CDLSPINNINGTOP,2026-04-27 17:30,BULL,rsi_mid_oversold,4719.1,4701.42,1.1,N,Y,N
CDLSPINNINGTOP,2026-04-27 18:00,BULL,rsi_mid_oversold,4720.7,4703.32,-1.0,N,N,Y
CDLBELTHOLD,2026-04-27 18:30,BULL,trend_down,4724.3,4707.37,-2.2,N,N,Y
CDLDOJI,2026-04-27 19:30,BULL,rsi_mid_oversold,4719.7,4702.74,-4.5,N,N,Y
CDLSPINNINGTOP,2026-04-27 20:00,BULL,rsi_mid_oversold,4722.1,4704.98,-17.12,Y,N,Y
CDLDOJI,2026-04-27 21:00,BULL,rsi_mid_oversold,4715.2,4697.82,-17.38,Y,N,Y
CDLHAMMER,2026-04-27 23:00,BULL,rsi_mid_oversold,4695.8,4676.07,-4.7,N,N,Y
CDLLONGLINE,2026-04-28 00:00,BULL,rsi_mid_oversold,4691.0,4670.79,6.2,N,Y,Y
CDLDOJI,2026-04-28 00:30,BULL,rsi_mid_oversold,4691.1,4671.66,7.7,N,Y,Y
CDLHAMMER,2026-04-28 01:00,BULL,rsi_mid_oversold,4694.7,4675.11,1.0,N,Y,Y
CDLSHORTLINE,2026-04-28 02:00,BULL,rsi_mid_oversold,4698.8,4680.29,-2.6,N,N,Y
CDLHAMMER,2026-04-28 03:00,BULL,rsi_mid_oversold,4697.4,4680.36,0.3,N,Y,Y
CDLDOJI,2026-04-28 04:00,BULL,rsi_mid_oversold,4695.1,4679.13,7.6,N,Y,Y
CDLSHORTLINE,2026-04-28 04:30,BULL,rsi_mid_oversold,4697.7,4682.36,8.0,N,Y,Y
CDLBELTHOLD,2026-04-28 06:00,BULL,rsi_mid_oversold,4704.0,4688.59,3.1,N,Y,N
CDLSHORTLINE,2026-04-28 06:30,BEAR,trend_up,4702.7,4717.48,-7.1,N,N,Y
CDLHIKKAKE,2026-04-28 07:00,BEAR,rsi_mid_overbought,4705.7,4720.06,0.1,N,Y,Y
CDLSHOOTINGSTAR,2026-04-28 07:30,BEAR,rsi_mid_overbought,4707.1,4721.01,4.5,N,Y,Y
CDLBELTHOLD,2026-04-28 08:30,BEAR,rsi_mid_overbought,4705.6,4719.33,15.8,N,Y,Y
CDLBELTHOLD,2026-04-28 11:00,BULL,rsi_mid_oversold,4688.8,4672.63,-7.5,N,N,Y
CDLHIKKAKE,2026-04-28 12:00,BULL,rsi_mid_oversold,4681.2,4665.79,-15.41,Y,N,Y
CDLDOJI,2026-04-28 12:30,BULL,rsi_mid_oversold,4681.3,4666.55,-14.75,Y,N,Y
CDLHIKKAKE,2026-04-28 13:00,BULL,rsi_mid_oversold,4672.2,4655.95,-16.25,Y,N,Y
CDLDOJI,2026-04-28 14:00,BULL,trend_down,4645.0,4624.46,1.6,N,Y,Y
CDLDOJI,2026-04-28 15:00,BULL,trend_down,4643.7,4623.16,-0.1,N,N,Y
CDLSPINNINGTOP,2026-04-28 15:30,BULL,trend_down,4646.6,4625.65,-14.7,N,N,Y
CDLHARAMI,2026-04-28 16:30,BULL,trend_down,4643.6,4621.91,-21.69,Y,N,Y
CDLSHORTLINE,2026-04-28 18:00,BULL,trend_down,4625.5,4602.88,-22.62,Y,N,Y
CDLHIKKAKE,2026-04-28 18:30,BULL,trend_down,4616.7,4594.1,-22.6,Y,N,Y
CDLDOJI,2026-04-28 21:30,BULL,rsi_mid_oversold,4593.4,4560.13,-2.4,N,N,Y
CDLHAMMER,2026-04-28 22:00,BULL,trend_down,4585.0,4551.86,15.1,N,Y,Y
CDLSPINNINGTOP,2026-04-28 22:30,BULL,rsi_mid_oversold,4588.3,4554.78,8.5,N,Y,Y
CDLSPINNINGTOP,2026-04-28 23:00,BULL,rsi_mid_oversold,4591.0,4558.01,15.2,N,Y,Y
CDLSHORTLINE,2026-04-28 23:30,BULL,rsi_mid_oversold,4600.1,4567.46,7.7,N,Y,Y
CDLSHORTLINE,2026-04-29 00:30,BULL,rsi_mid_oversold,4606.2,4575.22,7.0,N,Y,Y
CDLDOJI,2026-04-29 01:00,BULL,rsi_mid_oversold,4607.8,4577.73,0.6,N,Y,Y
CDLDOJI,2026-04-29 01:30,BULL,rsi_mid_oversold,4609.0,4580.05,1.6,N,Y,N
CDLSHORTLINE,2026-04-29 02:00,BULL,rsi_mid_oversold,4613.2,4585.22,-3.6,N,N,N
CDLHARAMI,2026-04-29 03:00,BULL,rsi_mid_oversold,4610.6,4585.14,-1.0,N,N,N
CDLDOJI,2026-04-29 03:30,BULL,rsi_mid_oversold,4609.6,4585.11,0.4,N,Y,N
CDLENGULFING,2026-04-29 04:30,BULL,rsi_mid_oversold,4609.6,4587.07,-4.2,N,N,Y
CDLDOJI,2026-04-29 08:30,BULL,rsi_mid_oversold,4613.7,4593.92,-19.78,Y,N,N
CDLDOJISTAR,2026-04-29 08:30,BEAR,trend_up,4613.7,4633.48,0.6,N,Y,Y
CDLHIKKAKE,2026-04-29 09:00,BULL,rsi_mid_oversold,4594.4,4572.95,12.5,N,Y,Y
CDLHIKKAKE,2026-04-29 10:00,BEAR,rsi_mid_overbought,4613.1,4635.57,3.5,N,Y,Y
CDLHIKKAKE,2026-04-29 11:00,BEAR,rsi_mid_overbought,4612.1,4634.02,-6.0,N,N,Y
CDLENGULFING,2026-04-29 13:00,BEAR,rsi_mid_overbought,4614.2,4633.66,16.1,N,Y,Y
CDLENGULFING,2026-04-29 16:30,BULL,rsi_mid_oversold,4586.1,4564.67,-21.43,Y,N,Y
CDLBELTHOLD,2026-04-29 18:00,BULL,rsi_mid_oversold,4584.9,4561.58,-10.2,N,N,Y
CDLHIKKAKE,2026-04-29 19:30,BULL,rsi_mid_oversold,4574.7,4551.99,-22.71,Y,N,N
CDLINVERTEDHAMMER,2026-04-29 20:00,BULL,rsi_mid_oversold,4572.6,4550.26,-22.34,Y,N,Y
CDLHIKKAKE,2026-04-29 20:30,BULL,rsi_mid_oversold,4557.4,4534.12,-23.28,Y,N,Y
CDLSHORTLINE,2026-04-29 23:00,BULL,rsi_mid_oversold,4556.4,4530.41,2.6,N,Y,Y
CDLBELTHOLD,2026-04-30 00:00,BULL,rsi_mid_oversold,4573.6,4546.65,-11.8,N,N,Y
CDLXSIDEGAP3METHODS,2026-04-30 00:30,BULL,rsi_mid_oversold,4559.0,4531.93,-11.5,N,N,Y
CDLDOJI,2026-04-30 01:00,BULL,rsi_mid_oversold,4561.0,4534.39,-26.61,Y,N,Y
CDLDOJI,2026-04-30 01:30,BULL,rsi_mid_oversold,4561.8,4536.24,-25.56,Y,N,Y
CDLHARAMI,2026-04-30 02:30,BULL,rsi_mid_oversold,4552.7,4524.47,4.0,N,Y,Y
CDLSPINNINGTOP,2026-04-30 03:00,BULL,rsi_mid_oversold,4556.8,4528.39,0.5,N,Y,Y
CDLDOJI,2026-04-30 04:30,BULL,rsi_mid_oversold,4557.3,4531.17,6.4,N,Y,Y
CDLSHORTLINE,2026-04-30 06:30,BULL,rsi_mid_oversold,4563.6,4538.98,12.3,N,Y,N
CDLDOJI,2026-04-30 07:00,BULL,rsi_mid_oversold,4563.7,4540.17,18.3,N,Y,N
CDLHIGHWAVE,2026-04-30 07:00,BEAR,trend_up,4563.7,4587.23,-18.3,N,N,Y
CDLLONGLINE,2026-04-30 10:00,BEAR,rsi_mid_overbought,4584.4,4607.28,16.5,N,Y,Y
CDLHIKKAKE,2026-04-30 11:30,BULL,rsi_mid_oversold,4567.9,4546.13,-1.4,N,N,Y
CDLBELTHOLD,2026-04-30 13:00,BULL,rsi_mid_oversold,4566.5,4544.76,35.1,N,Y,Y
CDLADVANCEBLOCK,2026-04-30 15:00,BEAR,rsi_mid_overbought,4603.6,4626.69,-23.09,Y,N,Y
CDLHARAMI,2026-04-30 16:30,BEAR,trend_up,4628.4,4653.44,-25.04,Y,N,Y
CDLHIKKAKE,2026-04-30 17:00,BEAR,trend_up,4637.5,4662.32,-14.2,N,N,Y
CDLHIGHWAVE,2026-04-30 17:30,BEAR,trend_up,4637.2,4662.1,-13.5,N,N,Y
CDLHARAMI,2026-04-30 18:30,BEAR,trend_up,4651.7,4677.25,7.8,N,Y,Y
CDLHIGHWAVE,2026-04-30 19:00,BEAR,trend_up,4650.7,4676.32,-1.7,N,N,Y
CDLSHORTLINE,2026-04-30 19:30,BEAR,rsi_mid_overbought,4643.0,4668.23,-3.1,N,N,Y
CDLCLOSINGMARUBOZU,2026-04-30 21:30,BEAR,rsi_mid_overbought,4623.1,4649.37,-12.5,N,N,Y
CDLHARAMI,2026-04-30 22:30,BEAR,rsi_mid_overbought,4632.5,4658.91,11.9,N,Y,Y
CDLHANGINGMAN,2026-04-30 23:00,BEAR,rsi_mid_overbought,4635.6,4661.32,15.2,N,Y,Y
CDLHIKKAKE,2026-05-01 00:00,BEAR,rsi_mid_overbought,4620.6,4645.99,-9.2,N,N,N
CDLDOJI,2026-05-01 00:30,BULL,trend_down,4620.4,4595.24,13.1,N,Y,Y
CDLHIGHWAVE,2026-05-01 00:30,BEAR,rsi_mid_overbought,4620.4,4645.56,-13.1,N,N,N
CDLHARAMI,2026-05-01 01:30,BEAR,rsi_mid_overbought,4629.8,4653.98,-0.7,N,N,Y
CDLCLOSINGMARUBOZU,2026-05-01 03:00,BEAR,rsi_mid_overbought,4630.5,4652.83,-5.5,N,N,Y
CDL3OUTSIDE,2026-05-01 03:30,BEAR,rsi_mid_overbought,4630.0,4651.85,-21.85,Y,N,N
CDLSHORTLINE,2026-05-01 04:00,BEAR,rsi_mid_overbought,4629.6,4650.48,-20.88,Y,N,N
CDL3LINESTRIKE,2026-05-01 04:30,BEAR,rsi_mid_overbought,4636.0,4656.35,-7.2,N,N,N
CDLCLOSINGMARUBOZU,2026-05-01 07:30,BEAR,rsi_mid_overbought,4638.9,4657.68,10.7,N,Y,Y
CDL3OUTSIDE,2026-05-01 08:00,BEAR,rsi_mid_overbought,4635.8,4654.57,3.2,N,Y,Y
CDLLONGLINE,2026-05-01 08:30,BEAR,rsi_mid_overbought,4631.8,4650.09,-9.3,N,N,N
CDLBELTHOLD,2026-05-01 09:30,BULL,trend_down,4632.6,4615.18,5.1,N,Y,Y
CDLXSIDEGAP3METHODS,2026-05-01 09:30,BEAR,rsi_mid_overbought,4632.6,4650.02,-5.1,N,N,Y
CDLDOJISTAR,2026-05-01 11:30,BEAR,rsi_mid_overbought,4638.6,4656.73,12.6,N,Y,Y
CDLHARAMI,2026-05-01 13:00,BULL,rsi_mid_oversold,4626.0,4607.9,-18.1,Y,N,Y
CDLHARAMI,2026-05-01 14:30,BULL,rsi_mid_oversold,4606.8,4588.39,-18.41,Y,N,Y
CDLSPINNINGTOP,2026-05-01 16:30,BULL,trend_down,4580.3,4560.61,2.8,N,Y,Y
CDLDOJI,2026-05-01 17:00,BULL,trend_down,4580.4,4561.23,-2.5,N,N,Y
CDLCLOSINGMARUBOZU,2026-05-01 18:00,BULL,rsi_mid_oversold,4583.1,4563.55,6.9,N,Y,Y
CDLCLOSINGMARUBOZU,2026-05-01 19:30,BULL,rsi_mid_oversold,4590.0,4570.37,10.2,N,Y,Y
CDLBELTHOLD,2026-05-01 20:30,BEAR,trend_up,4602.1,4624.72,-22.62,Y,N,Y
CDLHIKKAKE,2026-05-01 21:00,BULL,rsi_mid_oversold,4600.2,4577.8,43.4,N,Y,N
CDLBELTHOLD,2026-05-01 22:30,BEAR,rsi_mid_overbought,4643.6,4672.94,-5.4,N,N,Y
CDLSHORTLINE,2026-05-02 01:00,BEAR,rsi_mid_overbought,4643.4,4671.22,7.3,N,Y,Y
CDLSHORTLINE,2026-05-02 01:30,BEAR,rsi_mid_overbought,4641.3,4668.2,5.0,N,Y,Y
CDLHIKKAKE,2026-05-02 03:00,BEAR,rsi_mid_overbought,4636.3,4661.77,-8.2,N,N,Y
CDLHARAMI,2026-05-02 04:00,BULL,rsi_mid_oversold,4625.3,4600.41,5.4,N,Y,Y
CDLHARAMI,2026-05-04 06:00,BEAR,rsi_mid_overbought,4632.3,4659.01,7.3,N,Y,Y
CDLHIKKAKE,2026-05-04 06:30,BEAR,rsi_mid_overbought,4630.7,4656.91,13.7,N,Y,Y
CDLHIKKAKE,2026-05-04 08:00,BULL,rsi_mid_oversold,4617.0,4592.19,7.2,N,Y,Y
CDLLONGLINE,2026-05-04 08:30,BULL,rsi_mid_oversold,4623.6,4599.43,-19.8,N,N,Y
CDLCLOSINGMARUBOZU,2026-05-04 09:30,BULL,rsi_mid_oversold,4624.2,4598.4,-3.3,N,N,Y
CDLSHORTLINE,2026-05-04 11:00,BULL,rsi_mid_oversold,4620.9,4594.0,-4.3,N,N,Y
CDLHANGINGMAN,2026-05-04 11:30,BEAR,rsi_mid_overbought,4627.8,4655.07,20.5,N,Y,Y
CDLHIKKAKE,2026-05-04 12:30,BULL,rsi_mid_oversold,4616.6,4590.9,-11.4,N,N,Y
CDLSPINNINGTOP,2026-05-04 13:30,BULL,rsi_mid_oversold,4610.2,4584.76,-13.5,N,N,Y
CDLDOJI,2026-05-04 19:00,BULL,rsi_mid_oversold,4573.3,4545.77,6.0,N,Y,Y
CDLHAMMER,2026-05-04 19:30,BULL,rsi_mid_oversold,4571.1,4544.09,0.3,N,Y,Y
CDLBELTHOLD,2026-05-04 20:00,BULL,rsi_mid_oversold,4579.7,4552.12,-4.7,N,N,Y
CDLDOJI,2026-05-04 20:30,BULL,rsi_mid_oversold,4579.3,4551.85,3.6,N,Y,Y
CDLHARAMI,2026-05-04 21:30,BULL,rsi_mid_oversold,4575.0,4547.09,-27.91,Y,N,Y
CDL3INSIDE,2026-05-04 22:00,BULL,rsi_mid_oversold,4582.9,4553.33,-29.57,Y,N,Y
CDLBELTHOLD,2026-05-05 01:00,BULL,rsi_mid_oversold,4534.1,4497.76,-7.8,N,N,Y
CDLDOJI,2026-05-05 01:30,BULL,rsi_mid_oversold,4532.5,4498.01,-0.6,N,N,Y
CDLHIKKAKE,2026-05-05 02:00,BULL,rsi_mid_oversold,4522.0,4488.03,5.6,N,Y,Y
CDLHARAMI,2026-05-05 02:30,BULL,rsi_mid_oversold,4526.3,4494.02,-1.6,N,N,Y
CDLSHORTLINE,2026-05-05 03:00,BULL,rsi_mid_oversold,4531.9,4500.09,0.5,N,Y,Y
CDLHAMMER,2026-05-05 04:00,BULL,rsi_mid_oversold,4524.7,4495.06,2.3,N,Y,Y
CDLSHORTLINE,2026-05-05 04:30,BULL,rsi_mid_oversold,4532.4,4503.73,-2.1,N,N,Y
CDLENGULFING,2026-05-05 07:00,BULL,rsi_mid_oversold,4530.3,4504.94,8.6,N,Y,Y
CDLBELTHOLD,2026-05-05 08:30,BULL,rsi_mid_oversold,4538.9,4514.46,12.2,N,Y,Y
CDLADVANCEBLOCK,2026-05-05 09:30,BEAR,rsi_mid_overbought,4550.4,4574.2,3.0,N,Y,Y
CDLADVANCEBLOCK,2026-05-05 10:00,BEAR,rsi_mid_overbought,4551.1,4574.2,6.4,N,Y,Y
CDLSPINNINGTOP,2026-05-05 11:00,BEAR,rsi_mid_overbought,4547.4,4568.97,4.4,N,Y,Y
CDLENGULFING,2026-05-05 14:00,BEAR,trend_up,4546.4,4567.56,-21.16,Y,N,Y
CDLDOJISTAR,2026-05-05 15:00,BEAR,rsi_mid_overbought,4558.7,4579.66,-9.5,N,N,Y
CDLENGULFING,2026-05-05 15:30,BEAR,rsi_mid_overbought,4555.4,4576.72,-7.2,N,N,Y
CDLHIKKAKE,2026-05-05 16:30,BEAR,rsi_mid_overbought,4568.2,4589.14,10.1,N,Y,Y
CDLCLOSINGMARUBOZU,2026-05-05 17:00,BEAR,rsi_mid_overbought,4562.6,4583.04,8.5,N,Y,Y
CDLBELTHOLD,2026-05-05 18:00,BEAR,rsi_mid_overbought,4558.1,4577.79,-14.8,N,N,Y
CDL3OUTSIDE,2026-05-05 18:30,BEAR,rsi_mid_overbought,4554.1,4574.19,-20.09,Y,N,Y
CDLBELTHOLD,2026-05-05 20:30,BEAR,rsi_mid_overbought,4574.7,4596.6,-21.9,Y,N,Y
CDLSPINNINGTOP,2026-05-05 22:30,BEAR,rsi_mid_overbought,4593.3,4616.78,22.4,N,Y,Y
CDLCLOSINGMARUBOZU,2026-05-05 23:30,BEAR,rsi_mid_overbought,4579.4,4602.3,10.5,N,Y,Y
CDLBELTHOLD,2026-05-06 00:00,BEAR,rsi_mid_overbought,4570.9,4593.75,0.6,N,Y,Y
CDLDOJI,2026-05-06 00:30,BULL,trend_down,4572.1,4549.74,0.8,N,Y,Y
CDLDOJI,2026-05-06 01:30,BULL,trend_down,4570.3,4549.0,-3.3,N,N,Y
CDLHIGHWAVE,2026-05-06 02:30,BEAR,rsi_mid_overbought,4571.7,4591.96,1.6,N,Y,N
CDLCLOSINGMARUBOZU,2026-05-06 04:00,BULL,trend_down,4570.1,4551.61,13.1,N,Y,Y
CDLHANGINGMAN,2026-05-06 09:00,BEAR,trend_up,4635.8,4659.93,-14.8,N,N,Y
CDLADVANCEBLOCK,2026-05-06 09:30,BEAR,trend_up,4636.4,4659.86,-23.46,Y,N,Y
CDLHARAMI,2026-05-06 12:30,BEAR,trend_up,4660.0,4681.91,-16.7,N,N,Y
CDLHIKKAKE,2026-05-06 13:00,BEAR,trend_up,4661.2,4682.48,-18.3,N,N,Y
CDLHANGINGMAN,2026-05-06 14:00,BEAR,trend_up,4676.7,4698.49,-15.7,N,N,Y
CDLADVANCEBLOCK,2026-05-06 14:30,BEAR,trend_up,4679.5,4700.94,-9.1,N,N,Y
CDLSHORTLINE,2026-05-06 16:00,BEAR,trend_up,4688.6,4710.41,-21.81,Y,N,Y
CDLHARAMI,2026-05-06 17:00,BEAR,trend_up,4710.9,4735.92,-18.7,N,N,Y
CDLHIKKAKE,2026-05-06 18:00,BEAR,trend_up,4716.0,4740.18,12.7,N,Y,Y
CDLCLOSINGMARUBOZU,2026-05-06 19:00,BEAR,trend_up,4717.0,4742.0,22.6,N,Y,Y
CDLCLOSINGMARUBOZU,2026-05-06 19:30,BEAR,rsi_mid_overbought,4703.3,4729.61,7.6,N,Y,Y
CDLHIGHWAVE,2026-05-06 20:30,BEAR,rsi_mid_overbought,4694.4,4722.22,-27.82,Y,N,N
CDLSHORTLINE,2026-05-06 23:00,BEAR,rsi_mid_overbought,4706.5,4736.07,12.5,N,Y,Y
CDLSHORTLINE,2026-05-06 23:30,BEAR,rsi_mid_overbought,4699.3,4728.02,5.5,N,Y,Y
CDLSHORTLINE,2026-05-07 00:30,BEAR,rsi_mid_overbought,4694.0,4721.21,-4.4,N,N,N
CDLDOJI,2026-05-07 01:00,BULL,trend_down,4693.8,4667.47,3.0,N,Y,Y
CDLHIGHWAVE,2026-05-07 01:00,BEAR,rsi_mid_overbought,4693.8,4720.13,-3.0,N,N,N
CDLDOJI,2026-05-07 01:30,BULL,trend_down,4694.8,4669.63,14.4,N,Y,Y
CDLSHORTLINE,2026-05-07 02:30,BEAR,rsi_mid_overbought,4696.8,4720.17,-6.5,N,N,N
CDLHIKKAKE,2026-05-07 03:00,BEAR,rsi_mid_overbought,4709.2,4732.71,6.1,N,Y,Y
CDLBELTHOLD,2026-05-07 03:30,BEAR,rsi_mid_overbought,4703.0,4725.75,-1.7,N,N,Y
CDLHIGHWAVE,2026-05-07 04:00,BEAR,rsi_mid_overbought,4703.3,4725.4,-0.8,N,N,Y
CDLHIGHWAVE,2026-05-07 06:30,BEAR,rsi_mid_overbought,4704.1,4724.64,2.6,N,Y,Y
CDLHIGHWAVE,2026-05-07 07:00,BEAR,rsi_mid_overbought,4702.4,4722.54,4.8,N,Y,Y
CDLENGULFING,2026-05-07 08:00,BEAR,rsi_mid_overbought,4701.5,4721.26,-19.76,Y,N,Y
CDL3OUTSIDE,2026-05-07 08:30,BEAR,rsi_mid_overbought,4697.6,4716.93,-19.33,Y,N,N
CDLCLOSINGMARUBOZU,2026-05-07 10:00,BEAR,rsi_mid_overbought,4710.7,4733.98,1.7,N,Y,Y
CDLSHORTLINE,2026-05-07 11:30,BEAR,rsi_mid_overbought,4709.0,4730.07,4.5,N,Y,Y
CDLSHORTLINE,2026-05-07 12:00,BEAR,rsi_mid_overbought,4705.4,4725.75,-4.0,N,N,Y
CDLDOJI,2026-05-07 12:30,BULL,trend_down,4705.1,4685.28,20.9,N,Y,Y
CDLHIGHWAVE,2026-05-07 12:30,BEAR,rsi_mid_overbought,4705.1,4724.92,-19.82,Y,N,Y
CDLDOJI,2026-05-07 13:00,BULL,trend_down,4704.5,4685.26,44.1,N,Y,Y
CDLHIGHWAVE,2026-05-07 13:00,BEAR,rsi_mid_overbought,4704.5,4723.74,-19.24,Y,N,Y
CDL3LINESTRIKE,2026-05-07 13:30,BEAR,rsi_mid_overbought,4709.4,4728.78,-19.38,Y,N,Y
CDLADVANCEBLOCK,2026-05-07 15:00,BEAR,trend_up,4749.2,4773.07,8.1,N,Y,Y
CDLENGULFING,2026-05-07 16:00,BEAR,trend_up,4749.3,4773.36,10.9,N,Y,Y
CDL3OUTSIDE,2026-05-07 16:30,BEAR,rsi_mid_overbought,4741.1,4764.83,-0.8,N,N,Y
CDLLONGLINE,2026-05-07 17:30,BEAR,rsi_mid_overbought,4738.4,4762.51,-3.7,N,N,Y
CDLHIKKAKE,2026-05-07 18:30,BEAR,rsi_mid_overbought,4745.0,4768.44,-2.5,N,N,Y
CDLCLOSINGMARUBOZU,2026-05-07 23:00,BEAR,rsi_mid_overbought,4764.6,4790.11,39.8,N,Y,Y
CDLBELTHOLD,2026-05-07 23:30,BULL,rsi_mid_oversold,4739.1,4706.63,-32.47,Y,N,Y
CDLHIKKAKE,2026-05-08 01:00,BULL,rsi_mid_oversold,4708.5,4674.22,10.6,N,Y,Y
CDLCLOSINGMARUBOZU,2026-05-08 01:30,BULL,rsi_mid_oversold,4721.1,4686.86,-7.1,N,N,Y
CDLDOJI,2026-05-08 02:00,BULL,rsi_mid_oversold,4722.6,4689.85,-9.7,N,N,Y
CDLDOJI,2026-05-08 03:30,BULL,rsi_mid_oversold,4712.9,4681.45,-31.45,Y,N,Y
CDLBELTHOLD,2026-05-08 07:00,BULL,rsi_mid_oversold,4705.4,4671.63,4.6,N,Y,Y
CDL3OUTSIDE,2026-05-08 07:30,BULL,rsi_mid_oversold,4713.2,4680.46,7.8,N,Y,Y
CDLHIKKAKE,2026-05-08 09:00,BEAR,rsi_mid_overbought,4721.0,4752.68,-0.7,N,N,Y
CDLHIGHWAVE,2026-05-08 10:00,BEAR,rsi_mid_overbought,4729.7,4761.3,0.7,N,Y,N
CDLHIKKAKE,2026-05-08 11:30,BEAR,rsi_mid_overbought,4729.0,4759.08,1.0,N,Y,Y
CDLSHORTLINE,2026-05-08 12:00,BEAR,rsi_mid_overbought,4725.9,4755.06,-10.1,N,N,Y
CDLADVANCEBLOCK,2026-05-08 14:00,BEAR,rsi_mid_overbought,4742.3,4770.33,24.9,N,Y,Y
CDLBELTHOLD,2026-05-08 14:30,BEAR,rsi_mid_overbought,4734.3,4762.01,7.9,N,Y,Y
CDLHIKKAKE,2026-05-08 15:00,BULL,rsi_mid_oversold,4715.9,4686.58,8.9,N,Y,Y
CDLHIGHWAVE,2026-05-08 15:30,BULL,rsi_mid_oversold,4717.4,4688.66,10.2,N,Y,Y
CDLHIKKAKE,2026-05-08 16:00,BEAR,rsi_mid_overbought,4726.4,4755.14,4.8,N,Y,N
CDLHARAMI,2026-05-08 16:30,BEAR,rsi_mid_overbought,4724.8,4752.53,-6.1,N,N,N
CDLHARAMI,2026-05-08 18:30,BEAR,rsi_mid_overbought,4729.4,4755.26,9.4,N,Y,Y
CDLHIKKAKE,2026-05-08 21:30,BEAR,rsi_mid_overbought,4757.8,4785.72,34.7,N,Y,Y
CDLDOJI,2026-05-08 22:30,BULL,rsi_mid_oversold,4725.7,4695.99,1.5,N,Y,Y
CDLBELTHOLD,2026-05-09 00:00,BULL,rsi_mid_oversold,4727.2,4698.49,3.2,N,Y,Y
CDLHANGINGMAN,2026-05-09 01:30,BEAR,rsi_mid_overbought,4730.4,4755.98,-2.8,N,N,Y
CDLSHORTLINE,2026-05-09 02:30,BEAR,rsi_mid_overbought,4731.9,4755.8,4.9,N,Y,Y
CDLHIKKAKE,2026-05-09 03:30,BEAR,rsi_mid_overbought,4733.4,4755.2,30.5,N,Y,Y
CDLENGULFING,2026-05-11 07:00,BULL,rsi_mid_oversold,4703.6,4680.52,-23.08,Y,N,Y
CDLDOJI,2026-05-11 08:30,BULL,rsi_mid_oversold,4692.5,4668.25,4.5,N,Y,Y
CDL3INSIDE,2026-05-11 09:00,BULL,rsi_mid_oversold,4707.9,4681.56,-17.9,N,N,Y
CDLHARAMI,2026-05-11 10:00,BULL,rsi_mid_oversold,4697.0,4669.96,-10.0,N,N,Y
CDLCLOSINGMARUBOZU,2026-05-11 11:00,BULL,rsi_mid_oversold,4697.5,4669.46,-17.7,N,N,Y
CDLHIKKAKE,2026-05-11 12:00,BULL,rsi_mid_oversold,4679.3,4652.13,-19.7,N,N,Y
CDLDOJI,2026-05-11 12:30,BULL,rsi_mid_oversold,4679.8,4653.6,-4.2,N,N,Y
CDLDOJI,2026-05-11 13:00,BULL,rsi_mid_oversold,4678.5,4653.51,8.2,N,Y,Y
CDLLONGLINE,2026-05-11 14:00,BULL,rsi_mid_oversold,4675.6,4647.39,0.8,N,Y,Y
CDLBELTHOLD,2026-05-11 14:30,BULL,rsi_mid_oversold,4686.7,4658.85,-7.1,N,N,Y
CDLHIKKAKE,2026-05-11 15:30,BULL,rsi_mid_oversold,4676.4,4649.74,-10.4,N,N,Y
CDLSPINNINGTOP,2026-05-11 16:00,BULL,rsi_mid_oversold,4679.6,4653.0,-14.3,N,N,Y
CDLHIKKAKE,2026-05-11 17:00,BULL,rsi_mid_oversold,4666.0,4640.4,6.2,N,Y,Y
CDLDOJI,2026-05-11 17:30,BULL,rsi_mid_oversold,4665.3,4639.68,15.3,N,Y,Y
CDLENGULFING,2026-05-11 18:00,BULL,rsi_mid_oversold,4671.7,4646.66,11.6,N,Y,Y
CDL3OUTSIDE,2026-05-11 18:30,BULL,rsi_mid_oversold,4672.2,4648.04,27.3,N,Y,Y
CDLBELTHOLD,2026-05-11 19:00,BULL,rsi_mid_oversold,4680.6,4657.07,28.1,N,Y,Y
CDLSHORTLINE,2026-05-11 19:30,BULL,rsi_mid_oversold,4683.3,4660.43,54.6,N,Y,Y
CDLADVANCEBLOCK,2026-05-11 21:30,BEAR,trend_up,4745.7,4774.26,3.2,N,Y,Y
CDLENGULFING,2026-05-11 22:00,BEAR,rsi_mid_overbought,4734.5,4763.58,-7.3,N,N,Y
CDLHIGHWAVE,2026-05-11 23:30,BEAR,rsi_mid_overbought,4741.8,4770.24,14.1,N,Y,Y
CDLSHORTLINE,2026-05-12 00:00,BEAR,rsi_mid_overbought,4733.5,4761.29,0.5,N,Y,Y
CDLHIKKAKE,2026-05-12 01:30,BEAR,rsi_mid_overbought,4733.0,4758.84,-0.9,N,N,Y
CDLSHORTLINE,2026-05-12 02:30,BEAR,rsi_mid_overbought,4733.8,4757.48,-11.2,N,N,Y
CDLHIGHWAVE,2026-05-12 03:00,BEAR,rsi_mid_overbought,4733.9,4756.62,-11.7,N,N,Y
CDLADVANCEBLOCK,2026-05-12 04:30,BEAR,rsi_mid_overbought,4745.6,4767.07,-17.1,N,N,Y
CDLHIKKAKE,2026-05-12 07:30,BEAR,trend_up,4777.2,4799.5,32.4,N,Y,Y
CDLHARAMI,2026-05-12 08:00,BEAR,trend_up,4772.3,4795.55,35.7,N,Y,Y
CDL3INSIDE,2026-05-12 08:30,BEAR,rsi_mid_overbought,4759.3,4782.92,23.2,N,Y,Y
CDLHIKKAKE,2026-05-12 09:00,BEAR,rsi_mid_overbought,4744.8,4769.52,5.0,N,Y,Y
CDLDOJI,2026-05-12 10:00,BULL,rsi_mid_oversold,4736.1,4711.38,-7.1,N,N,Y
CDLHIKKAKE,2026-05-12 10:30,BULL,trend_down,4739.8,4715.33,-8.4,N,N,Y
CDLHIKKAKE,2026-05-12 11:30,BULL,rsi_mid_oversold,4729.0,4705.45,-4.6,N,N,Y
CDLSPINNINGTOP,2026-05-12 13:00,BULL,rsi_mid_oversold,4724.4,4701.33,-19.0,N,N,Y
CDLDOJI,2026-05-12 13:30,BULL,rsi_mid_oversold,4723.2,4700.23,-22.97,Y,N,Y
CDLDOJI,2026-05-12 14:30,BULL,rsi_mid_oversold,4705.4,4681.81,5.3,N,Y,Y
CDLDOJI,2026-05-12 15:00,BULL,rsi_mid_oversold,4705.8,4681.97,5.1,N,Y,Y
CDLSHORTLINE,2026-05-12 15:30,BULL,rsi_mid_oversold,4707.8,4684.62,-0.5,N,N,Y
CDLDOJI,2026-05-12 16:30,BULL,rsi_mid_oversold,4710.9,4688.63,-2.7,N,N,Y
CDLHIKKAKE,2026-05-12 17:00,BULL,rsi_mid_oversold,4707.3,4685.83,-5.4,N,N,Y
CDLDOJI,2026-05-12 17:30,BULL,rsi_mid_oversold,4707.6,4686.28,0.2,N,Y,Y
CDLDOJI,2026-05-12 18:00,BULL,rsi_mid_oversold,4708.2,4687.18,6.4,N,Y,Y
CDLCLOSINGMARUBOZU,2026-05-12 19:00,BULL,rsi_mid_oversold,4707.8,4686.21,6.0,N,Y,Y
CDLLONGLINE,2026-05-12 19:30,BULL,rsi_mid_oversold,4714.6,4693.13,-21.47,Y,N,Y
CDLXSIDEGAP3METHODS,2026-05-12 20:00,BULL,rsi_mid_oversold,4704.7,4683.07,-17.7,N,N,N
CDLHARAMI,2026-05-12 23:30,BULL,rsi_mid_oversold,4673.1,4642.95,13.5,N,Y,Y
CDLDOJI,2026-05-13 00:00,BULL,rsi_mid_oversold,4675.5,4646.11,10.2,N,Y,Y
CDLSHORTLINE,2026-05-13 00:30,BULL,rsi_mid_oversold,4678.1,4649.62,14.4,N,Y,Y
CDLSHORTLINE,2026-05-13 01:00,BULL,rsi_mid_oversold,4686.6,4658.7,16.4,N,Y,Y
CDLDOJI,2026-05-13 01:30,BULL,rsi_mid_oversold,4685.7,4659.18,25.1,N,Y,Y
CDLENGULFING,2026-05-13 02:00,BULL,rsi_mid_oversold,4692.5,4666.37,30.7,N,Y,Y
CDLHARAMI,2026-05-13 04:00,BEAR,rsi_mid_overbought,4720.7,4744.8,-3.9,N,N,Y
CDLHIKKAKE,2026-05-13 06:00,BEAR,rsi_mid_overbought,4725.3,4747.67,0.6,N,Y,Y
CDLHIGHWAVE,2026-05-13 06:30,BEAR,rsi_mid_overbought,4724.6,4746.24,-6.3,N,N,Y
CDLCLOSINGMARUBOZU,2026-05-13 11:00,BULL,rsi_mid_oversold,4708.7,4688.05,-0.8,N,N,Y
CDLSHORTLINE,2026-05-13 12:00,BULL,rsi_mid_oversold,4709.4,4689.13,2.0,N,Y,Y
CDLINVERTEDHAMMER,2026-05-13 13:00,BULL,rsi_mid_oversold,4706.0,4686.56,3.8,N,Y,N
CDLSHOOTINGSTAR,2026-05-13 14:00,BEAR,rsi_mid_overbought,4716.4,4736.12,6.0,N,Y,N
CDLHIKKAKE,2026-05-13 16:00,BULL,rsi_mid_oversold,4704.5,4685.08,4.5,N,Y,Y
CDLHARAMI,2026-05-13 16:30,BULL,rsi_mid_oversold,4707.7,4688.63,-0.5,N,N,N
CDLENGULFING,2026-05-13 21:00,BULL,rsi_mid_oversold,4695.9,4675.4,-9.1,N,N,Y
CDLHARAMI,2026-05-13 22:00,BULL,rsi_mid_oversold,4691.3,4669.47,12.0,N,Y,Y
CDLBELTHOLD,2026-05-13 23:00,BULL,rsi_mid_oversold,4698.2,4676.12,5.3,N,Y,Y
CDLBELTHOLD,2026-05-14 00:30,BEAR,rsi_mid_overbought,4703.5,4726.03,3.3,N,Y,Y
CDLHIKKAKE,2026-05-14 01:30,BULL,rsi_mid_oversold,4693.4,4671.56,1.6,N,Y,Y
CDLHARAMI,2026-05-14 02:00,BULL,rsi_mid_oversold,4700.2,4678.73,-4.1,N,N,Y
CDLHAMMER,2026-05-14 02:30,BULL,rsi_mid_oversold,4692.9,4671.04,6.5,N,Y,Y
CDLDOJI,2026-05-14 03:30,BULL,rsi_mid_oversold,4696.1,4675.74,7.3,N,Y,Y
CDL3LINESTRIKE,2026-05-14 09:00,BULL,rsi_mid_oversold,4698.9,4679.02,-6.2,N,N,Y
CDLCLOSINGMARUBOZU,2026-05-14 10:00,BULL,rsi_mid_oversold,4700.1,4680.61,-19.49,Y,N,Y
CDLHARAMI,2026-05-14 11:00,BULL,rsi_mid_oversold,4697.2,4676.53,-20.67,Y,N,Y
CDLHIKKAKE,2026-05-14 11:30,BULL,rsi_mid_oversold,4680.8,4659.33,20.0,N,Y,Y
CDLBELTHOLD,2026-05-14 13:00,BEAR,rsi_mid_overbought,4700.8,4725.17,-6.4,N,N,Y
CDLINVERTEDHAMMER,2026-05-14 13:30,BULL,rsi_mid_oversold,4696.3,4671.89,15.6,N,Y,N
CDLSHORTLINE,2026-05-14 14:00,BULL,rsi_mid_oversold,4698.1,4674.35,2.0,N,Y,Y
CDLHANGINGMAN,2026-05-14 15:00,BEAR,rsi_mid_overbought,4711.9,4735.27,11.6,N,Y,Y
CDLINVERTEDHAMMER,2026-05-14 17:00,BULL,rsi_mid_oversold,4697.3,4673.04,6.8,N,Y,Y
CDLHARAMI,2026-05-14 18:00,BEAR,rsi_mid_overbought,4704.1,4728.18,3.7,N,Y,Y
CDL3LINESTRIKE,2026-05-14 21:00,BULL,rsi_mid_oversold,4694.5,4670.15,-8.8,N,N,N
CDLENGULFING,2026-05-14 22:00,BULL,rsi_mid_oversold,4697.7,4670.71,-5.8,N,N,Y
CDLHIKKAKE,2026-05-14 23:00,BULL,rsi_mid_oversold,4692.0,4665.56,-7.2,N,N,Y
CDLDOJI,2026-05-14 23:30,BULL,rsi_mid_oversold,4691.9,4666.29,-8.3,N,N,Y
CDLHIKKAKE,2026-05-15 00:00,BULL,rsi_mid_oversold,4683.2,4657.77,1.0,N,Y,Y
CDLDOJI,2026-05-15 00:30,BULL,rsi_mid_oversold,4684.8,4660.02,-5.5,N,N,Y
CDLDOJI,2026-05-15 01:00,BULL,rsi_mid_oversold,4683.6,4659.78,-6.3,N,N,Y
CDLDOJI,2026-05-15 01:30,BULL,rsi_mid_oversold,4684.2,4661.43,-15.3,N,N,Y
CDLHARAMI,2026-05-15 04:30,BULL,rsi_mid_oversold,4655.4,4634.43,13.0,N,Y,Y
CDLCLOSINGMARUBOZU,2026-05-15 06:00,BULL,rsi_mid_oversold,4662.9,4641.84,-6.2,N,N,Y
CDLSHORTLINE,2026-05-15 06:30,BULL,rsi_mid_oversold,4666.7,4646.61,-20.09,Y,N,Y
CDLDOJI,2026-05-15 08:30,BULL,trend_down,4635.1,4611.1,-24.0,Y,N,Y
CDLDOJI,2026-05-15 10:00,BULL,trend_down,4616.7,4591.57,3.1,N,Y,Y
CDLENGULFING,2026-05-15 10:30,BULL,trend_down,4621.9,4596.83,-7.0,N,N,Y
CDLSPINNINGTOP,2026-05-15 11:30,BULL,rsi_mid_oversold,4619.8,4595.31,-24.49,Y,N,Y
CDLLONGLINE,2026-05-15 14:00,BULL,trend_down,4579.2,4550.38,-3.5,N,N,Y
CDLENGULFING,2026-05-15 15:00,BULL,rsi_mid_oversold,4586.9,4557.1,-29.8,Y,N,Y
CDLHIKKAKE,2026-05-15 16:00,BULL,trend_down,4562.5,4532.66,-12.7,N,N,Y
CDLHIKKAKE,2026-05-15 19:30,BULL,rsi_mid_oversold,4555.9,4525.04,-2.7,N,N,Y
CDLHARAMI,2026-05-15 20:00,BULL,rsi_mid_oversold,4559.7,4529.34,-30.36,Y,N,Y
CDLHIGHWAVE,2026-05-15 21:00,BULL,rsi_mid_oversold,4553.2,4522.7,-30.5,Y,N,Y
CDLENGULFING,2026-05-15 22:00,BULL,rsi_mid_oversold,4559.7,4523.86,-15.9,N,N,N
CDL3OUTSIDE,2026-05-15 22:30,BULL,rsi_mid_oversold,4566.8,4530.93,-22.0,N,N,N
CDLDOJI,2026-05-16 00:00,BULL,rsi_mid_oversold,4544.8,4510.18,19.2,N,Y,Y
CDLSHORTLINE,2026-05-16 00:30,BULL,rsi_mid_oversold,4548.7,4515.55,13.7,N,Y,Y
CDLBELTHOLD,2026-05-16 01:00,BULL,rsi_mid_oversold,4561.8,4528.33,1.6,N,Y,Y
CDLSHORTLINE,2026-05-16 01:30,BULL,rsi_mid_oversold,4564.0,4532.1,-9.7,N,N,N
CDLDOJI,2026-05-16 02:00,BULL,rsi_mid_oversold,4562.4,4531.52,-12.6,N,N,N
CDLDOJI,2026-05-16 02:30,BULL,rsi_mid_oversold,4563.4,4533.41,-20.5,N,N,N
CDLCLOSINGMARUBOZU,2026-05-16 04:30,BULL,rsi_mid_oversold,4561.9,4533.07,-20.5,N,N,Y
CDLHIKKAKE,2026-05-18 07:00,BULL,rsi_mid_oversold,4541.4,4513.29,-28.11,Y,N,Y
CDLDOJI,2026-05-18 07:30,BULL,rsi_mid_oversold,4540.9,4513.26,-27.64,Y,N,Y
CDLDOJI,2026-05-18 08:30,BULL,rsi_mid_oversold,4518.5,4486.51,18.3,N,Y,Y
CDLENGULFING,2026-05-18 09:30,BULL,rsi_mid_oversold,4527.9,4492.65,10.7,N,Y,Y
CDL3OUTSIDE,2026-05-18 10:00,BULL,rsi_mid_oversold,4536.8,4501.68,10.0,N,Y,Y
CDLDOJI,2026-05-18 10:30,BULL,rsi_mid_oversold,4536.4,4502.05,-0.5,N,N,N
CDLDOJI,2026-05-18 11:00,BULL,rsi_mid_oversold,4538.6,4505.29,5.6,N,Y,N
CDLBELTHOLD,2026-05-18 12:30,BULL,rsi_mid_oversold,4544.2,4510.9,-3.1,N,N,N
CDLHIKKAKE,2026-05-18 13:00,BEAR,rsi_mid_overbought,4552.4,4585.56,1.9,N,Y,Y
CDLHANGINGMAN,2026-05-18 15:00,BEAR,rsi_mid_overbought,4554.6,4586.73,0.8,N,Y,Y
CDLENGULFING,2026-05-18 15:30,BEAR,rsi_mid_overbought,4550.0,4582.4,1.0,N,Y,Y
CDLHIKKAKE,2026-05-18 16:30,BEAR,rsi_mid_overbought,4553.8,4584.28,10.5,N,Y,Y
CDLENGULFING,2026-05-18 17:00,BEAR,rsi_mid_overbought,4549.0,4578.65,5.6,N,Y,Y
CDL3OUTSIDE,2026-05-18 17:30,BEAR,trend_up,4547.0,4575.34,7.4,N,Y,Y
CDLDOJI,2026-05-18 18:30,BULL,rsi_mid_oversold,4543.4,4515.89,11.0,N,Y,Y
CDLDOJISTAR,2026-05-18 20:00,BEAR,rsi_mid_overbought,4554.4,4582.95,-28.55,Y,N,Y
CDLHIKKAKE,2026-05-18 20:30,BEAR,rsi_mid_overbought,4575.2,4604.93,9.0,N,Y,Y
CDLDOJISTAR,2026-05-18 21:00,BEAR,rsi_mid_overbought,4575.6,4605.21,24.8,N,Y,Y
CDLADVANCEBLOCK,2026-05-18 21:30,BEAR,rsi_mid_overbought,4579.9,4610.04,40.5,N,Y,Y
CDLBELTHOLD,2026-05-18 22:00,BEAR,rsi_mid_overbought,4566.2,4597.02,18.5,N,Y,Y
CDLBELTHOLD,2026-05-18 23:30,BULL,rsi_mid_oversold,4547.7,4516.75,10.6,N,Y,Y
CDLHAMMER,2026-05-19 02:00,BULL,rsi_mid_oversold,4546.4,4517.69,16.5,N,Y,Y
CDLHIKKAKE,2026-05-19 04:00,BEAR,rsi_mid_overbought,4567.3,4595.57,-10.9,N,N,Y
CDLHIKKAKE,2026-05-19 06:00,BEAR,rsi_mid_overbought,4576.9,4602.87,-8.6,N,N,Y
CDLLONGLINE,2026-05-19 08:30,BEAR,rsi_mid_overbought,4566.3,4591.64,3.5,N,Y,Y
CDLXSIDEGAP3METHODS,2026-05-19 09:30,BEAR,rsi_mid_overbought,4567.0,4592.73,14.7,N,Y,N
CDLSPINNINGTOP,2026-05-19 11:00,BULL,rsi_mid_oversold,4552.3,4527.44,-6.9,N,N,N
CDLSHORTLINE,2026-05-19 12:30,BULL,rsi_mid_oversold,4545.4,4522.47,5.6,N,Y,Y
CDLSPINNINGTOP,2026-05-19 13:30,BULL,rsi_mid_oversold,4543.8,4520.75,7.7,N,Y,Y
CDLHIGHWAVE,2026-05-19 14:30,BULL,rsi_mid_oversold,4551.3,4527.76,-9.6,N,N,Y
CDLDOJI,2026-05-19 15:00,BULL,rsi_mid_oversold,4551.5,4528.07,-5.1,N,N,Y
CDLHARAMI,2026-05-19 16:30,BULL,rsi_mid_oversold,4546.4,4521.53,-3.2,N,N,Y
CDLHIKKAKE,2026-05-19 17:00,BULL,rsi_mid_oversold,4543.5,4519.01,4.4,N,Y,Y
CDLDOJI,2026-05-19 17:30,BULL,rsi_mid_oversold,4545.0,4521.16,-2.3,N,N,Y
CDLDOJI,2026-05-19 18:00,BULL,rsi_mid_oversold,4543.2,4520.15,-9.2,N,N,Y
CDLENGULFING,2026-05-19 20:00,BULL,rsi_mid_oversold,4546.7,4522.24,-24.46,Y,N,Y
CDLHARAMI,2026-05-19 22:30,BULL,rsi_mid_oversold,4496.9,4463.93,15.3,N,Y,Y
CDLSHORTLINE,2026-05-19 23:30,BULL,rsi_mid_oversold,4511.7,4480.0,-1.2,N,N,Y
CDLDOJI,2026-05-20 00:00,BULL,rsi_mid_oversold,4512.2,4480.75,-7.6,N,N,Y
CDLDOJI,2026-05-20 00:30,BULL,rsi_mid_oversold,4511.2,4481.02,-11.8,N,N,Y
CDLDOJI,2026-05-20 01:00,BULL,rsi_mid_oversold,4510.5,4481.49,-13.7,N,N,Y
CDLSHORTLINE,2026-05-20 04:00,BULL,rsi_mid_oversold,4489.4,4464.86,-1.8,N,N,Y
CDLHIKKAKE,2026-05-20 06:00,BULL,rsi_mid_oversold,4482.2,4459.5,9.6,N,Y,Y
CDLENGULFING,2026-05-20 06:30,BULL,rsi_mid_oversold,4487.6,4465.42,17.2,N,Y,Y
CDLSPINNINGTOP,2026-05-20 07:00,BULL,rsi_mid_oversold,4488.9,4467.15,15.0,N,Y,Y
CDLHIKKAKE,2026-05-20 07:30,BULL,rsi_mid_oversold,4491.8,4470.22,-15.8,N,N,Y
CDLCLOSINGMARUBOZU,2026-05-20 08:00,BULL,rsi_mid_oversold,4504.8,4481.91,-22.89,Y,N,Y
CDLHIGHWAVE,2026-05-20 08:30,BEAR,trend_up,4503.9,4526.54,20.1,N,Y,N
CDLDOJI,2026-05-20 10:00,BULL,rsi_mid_oversold,4483.8,4456.85,-26.95,Y,N,Y
CDLHIKKAKE,2026-05-20 10:30,BULL,rsi_mid_oversold,4467.2,4439.03,-0.1,N,N,Y
CDLSHORTLINE,2026-05-20 11:30,BULL,rsi_mid_oversold,4467.1,4440.09,3.5,N,Y,Y
CDLDOJI,2026-05-20 12:00,BULL,rsi_mid_oversold,4467.1,4440.96,8.1,N,Y,Y
CDLHAMMER,2026-05-20 12:30,BULL,rsi_mid_oversold,4464.2,4438.79,10.2,N,Y,Y
CDLENGULFING,2026-05-20 13:00,BULL,rsi_mid_oversold,4470.6,4445.24,6.1,N,Y,Y
CDL3OUTSIDE,2026-05-20 13:30,BULL,rsi_mid_oversold,4475.2,4449.58,9.9,N,Y,Y
CDLDOJI,2026-05-20 14:00,BULL,rsi_mid_oversold,4474.4,4449.24,6.5,N,Y,Y
CDLENGULFING,2026-05-20 14:30,BULL,rsi_mid_oversold,4476.7,4451.15,12.7,N,Y,Y
CDL3OUTSIDE,2026-05-20 15:00,BULL,rsi_mid_oversold,4485.1,4459.72,1.4,N,Y,N
CDLHARAMI,2026-05-20 16:30,BEAR,rsi_mid_overbought,4486.5,4510.94,-5.2,N,N,Y
CDLXSIDEGAP3METHODS,2026-05-20 17:30,BEAR,rsi_mid_overbought,4487.5,4512.53,-15.3,N,N,Y
CDLHANGINGMAN,2026-05-20 19:30,BEAR,rsi_mid_overbought,4501.2,4523.94,9.3,N,Y,Y
CDLENGULFING,2026-05-20 20:30,BEAR,rsi_mid_overbought,4499.0,4521.02,-10.5,N,N,Y
CDLCLOSINGMARUBOZU,2026-05-20 21:00,BEAR,rsi_mid_overbought,4491.9,4514.51,-22.61,Y,N,Y
CDL3LINESTRIKE,2026-05-20 22:00,BEAR,rsi_mid_overbought,4509.5,4535.92,-26.42,Y,N,N
CDLHIGHWAVE,2026-05-20 23:00,BEAR,rsi_mid_overbought,4533.0,4563.37,-4.5,N,N,Y
CDLHIGHWAVE,2026-05-20 23:30,BEAR,rsi_mid_overbought,4532.1,4561.85,-3.4,N,N,Y
CDL3LINESTRIKE,2026-05-21 00:30,BEAR,rsi_mid_overbought,4537.5,4565.93,-1.1,N,N,Y
CDLSHORTLINE,2026-05-21 01:00,BEAR,rsi_mid_overbought,4535.5,4562.88,-10.1,N,N,Y
CDLHIGHWAVE,2026-05-21 01:30,BEAR,rsi_mid_overbought,4535.1,4561.36,-13.0,N,N,Y
CDLHIGHWAVE,2026-05-21 03:30,BEAR,trend_up,4548.1,4570.77,8.0,N,Y,Y
CDLBELTHOLD,2026-05-21 04:30,BEAR,rsi_mid_overbought,4546.2,4567.18,6.8,N,Y,Y
CDL3OUTSIDE,2026-05-21 06:00,BEAR,rsi_mid_overbought,4540.1,4561.32,-7.9,N,N,Y
CDLHIGHWAVE,2026-05-21 07:00,BEAR,rsi_mid_overbought,4539.4,4559.69,-7.6,N,N,Y
CDLHIGHWAVE,2026-05-21 08:00,BEAR,rsi_mid_overbought,4545.2,4565.81,-20.61,Y,N,Y
CDLCLOSINGMARUBOZU,2026-05-21 10:00,BEAR,rsi_mid_overbought,4542.1,4565.92,12.2,N,Y,Y
CDLHANGINGMAN,2026-05-21 12:30,BEAR,rsi_mid_overbought,4540.0,4561.88,5.9,N,Y,N
CDLHARAMI,2026-05-21 13:30,BULL,rsi_mid_oversold,4528.9,4506.35,-14.7,N,N,Y
CDLHIKKAKE,2026-05-21 16:00,BEAR,rsi_mid_overbought,4536.8,4560.28,5.1,N,Y,Y
CDLHIKKAKE,2026-05-21 17:00,BEAR,rsi_mid_overbought,4538.4,4561.03,26.5,N,Y,Y
CDLDOJI,2026-05-21 19:30,BULL,rsi_mid_oversold,4515.0,4491.37,-13.0,N,N,Y
CDLDOJI,2026-05-21 22:30,BULL,rsi_mid_oversold,4510.0,4483.08,7.8,N,Y,Y
CDLBELTHOLD,2026-05-21 23:30,BULL,rsi_mid_oversold,4513.0,4486.31,30.4,N,Y,Y
CDL3OUTSIDE,2026-05-22 00:00,BULL,rsi_mid_oversold,4517.8,4491.84,35.3,N,Y,Y
CDLHIKKAKE,2026-05-22 00:00,BEAR,trend_up,4517.8,4543.76,-25.96,Y,N,Y
CDLHARAMI,2026-05-22 02:00,BEAR,rsi_mid_overbought,4549.9,4577.37,5.8,N,Y,Y
CDL3INSIDE,2026-05-22 02:30,BEAR,rsi_mid_overbought,4533.7,4562.02,-8.7,N,N,Y
CDLHANGINGMAN,2026-05-22 03:30,BEAR,rsi_mid_overbought,4544.1,4571.12,2.9,N,Y,Y
CDLSHORTLINE,2026-05-22 04:00,BEAR,rsi_mid_overbought,4542.4,4568.11,-1.7,N,N,Y
CDLENGULFING,2026-05-22 06:00,BEAR,rsi_mid_overbought,4541.2,4564.65,5.2,N,Y,Y
CDLENGULFING,2026-05-22 07:00,BEAR,rsi_mid_overbought,4541.3,4563.25,12.9,N,Y,Y
CDL3OUTSIDE,2026-05-22 07:30,BEAR,rsi_mid_overbought,4536.0,4557.45,6.0,N,Y,Y
CDLSPINNINGTOP,2026-05-22 09:00,BULL,rsi_mid_oversold,4530.0,4508.59,-6.2,N,N,Y
CDLHIKKAKE,2026-05-22 10:30,BULL,rsi_mid_oversold,4523.8,4503.36,9.4,N,Y,Y
CDLBELTHOLD,2026-05-22 11:30,BULL,rsi_mid_oversold,4529.9,4510.52,-2.5,N,N,Y
CDLBELTHOLD,2026-05-22 14:00,BULL,rsi_mid_oversold,4525.9,4505.48,-3.2,N,N,N
CDLSPINNINGTOP,2026-05-22 14:30,BULL,rsi_mid_oversold,4527.7,4507.83,-0.3,N,N,Y
CDLDOJI,2026-05-22 15:00,BULL,rsi_mid_oversold,4526.2,4506.92,-3.3,N,N,Y
CDLHAMMER,2026-05-22 15:30,BULL,rsi_mid_oversold,4522.7,4503.57,-4.5,N,N,N
CDLENGULFING,2026-05-22 16:00,BULL,rsi_mid_oversold,4527.4,4508.47,5.5,N,Y,N
CDLHAMMER,2026-05-22 16:30,BULL,rsi_mid_oversold,4522.9,4503.93,2.9,N,Y,Y
CDLBELTHOLD,2026-05-22 19:30,BULL,rsi_mid_oversold,4521.5,4501.19,1.4,N,Y,Y
CDL3OUTSIDE,2026-05-22 20:00,BULL,rsi_mid_oversold,4522.6,4501.44,-8.1,N,N,Y
CDLHARAMI,2026-05-22 22:30,BULL,rsi_mid_oversold,4501.4,4477.68,24.0,N,Y,Y
CDL3INSIDE,2026-05-22 23:00,BULL,rsi_mid_oversold,4519.9,4495.51,-3.6,N,N,Y
CDLHIKKAKE,2026-05-22 23:00,BEAR,trend_up,4519.9,4544.28,3.6,N,Y,Y
CDLDOJISTAR,2026-05-22 23:30,BEAR,rsi_mid_overbought,4521.0,4544.62,-5.9,N,N,Y
CDLADVANCEBLOCK,2026-05-23 00:00,BEAR,rsi_mid_overbought,4525.4,4548.37,5.2,N,Y,Y
CDLHAMMER,2026-05-23 02:00,BULL,rsi_mid_oversold,4517.2,4495.08,-7.2,N,N,Y
CDLDOJI,2026-05-23 02:30,BULL,rsi_mid_oversold,4517.0,4495.44,-5.1,N,N,Y
CDLDOJI,2026-05-23 03:30,BULL,rsi_mid_oversold,4510.0,4489.41,23.0,N,Y,Y
CDLBELTHOLD,2026-05-26 12:00,BEAR,rsi_mid_overbought,4533.0,4554.75,5.2,N,Y,Y
CDLBELTHOLD,2026-05-26 12:30,BEAR,rsi_mid_overbought,4526.1,4547.53,-4.7,N,N,Y
CDLHARAMI,2026-05-26 13:30,BEAR,rsi_mid_overbought,4527.8,4548.72,-2.2,N,N,N
CDLENGULFING,2026-05-26 15:00,BEAR,rsi_mid_overbought,4530.0,4549.9,5.3,N,Y,Y
CDLDOJISTAR,2026-05-26 18:30,BEAR,rsi_mid_overbought,4534.9,4555.89,28.6,N,Y,Y
CDLDOJI,2026-05-26 20:00,BULL,rsi_mid_oversold,4506.3,4484.03,8.3,N,Y,Y
CDLENGULFING,2026-05-26 20:30,BULL,rsi_mid_oversold,4520.7,4497.01,-2.6,N,N,Y
CDLSPINNINGTOP,2026-05-26 21:00,BULL,rsi_mid_oversold,4522.7,4499.2,-7.1,N,N,Y
CDLHARAMI,2026-05-26 22:00,BULL,rsi_mid_oversold,4518.1,4493.92,-11.4,N,N,Y
CDLDOJI,2026-05-26 23:30,BULL,rsi_mid_oversold,4506.7,4483.64,-5.3,N,N,Y
CDLINVERTEDHAMMER,2026-05-27 01:00,BULL,rsi_mid_oversold,4501.4,4479.79,-2.7,N,N,Y
CDLCLOSINGMARUBOZU,2026-05-27 02:00,BULL,rsi_mid_oversold,4495.1,4472.83,13.6,N,Y,Y
CDLSHORTLINE,2026-05-27 02:30,BULL,rsi_mid_oversold,4498.7,4477.33,7.9,N,Y,Y
CDLSHORTLINE,2026-05-27 03:00,BULL,rsi_mid_oversold,4502.1,4481.28,5.2,N,Y,Y
CDLLONGLINE,2026-05-27 03:30,BULL,rsi_mid_oversold,4508.7,4488.19,-2.9,N,N,Y
CDLDOJI,2026-05-27 04:30,BULL,rsi_mid_oversold,4507.3,4488.18,4.5,N,Y,N
CDLDOJISTAR,2026-05-27 07:00,BEAR,rsi_mid_overbought,4511.8,4530.7,-2.8,N,N,N
CDLHARAMI,2026-05-27 08:00,BEAR,rsi_mid_overbought,4517.8,4537.61,10.3,N,Y,Y
CDLHIGHWAVE,2026-05-27 09:00,BEAR,rsi_mid_overbought,4515.4,4534.33,10.2,N,Y,Y
CDLDOJI,2026-05-27 10:30,BULL,rsi_mid_oversold,4505.2,4486.7,-5.8,N,N,Y
CDLDOJI,2026-05-27 11:00,BULL,rsi_mid_oversold,4504.8,4486.91,4.5,N,Y,Y
CDLLONGLINE,2026-05-27 12:00,BULL,rsi_mid_oversold,4499.4,4481.98,-2.9,N,N,Y
CDLHIKKAKE,2026-05-27 13:30,BULL,rsi_mid_oversold,4496.5,4477.33,-11.0,N,N,Y
CDLDOJI,2026-05-27 14:30,BULL,rsi_mid_oversold,4484.5,4464.89,35.9,N,Y,Y
CDLDOJI,2026-05-27 15:00,BULL,rsi_mid_oversold,4485.5,4466.22,43.2,N,Y,Y
CDLHIKKAKE,2026-05-27 15:30,BEAR,rsi_mid_overbought,4513.2,4535.57,-8.0,N,N,Y
CDLHARAMI,2026-05-27 17:00,BEAR,rsi_mid_overbought,4521.2,4542.94,45.0,N,Y,Y
CDLBELTHOLD,2026-05-27 20:00,BULL,rsi_mid_oversold,4485.0,4456.68,-28.32,Y,N,Y
CDLHIKKAKE,2026-05-27 21:00,BULL,rsi_mid_oversold,4434.0,4402.17,31.6,N,Y,Y
CDLBELTHOLD,2026-05-27 21:30,BULL,rsi_mid_oversold,4458.2,4424.58,9.4,N,Y,Y
CDLBELTHOLD,2026-05-27 22:00,BULL,rsi_mid_oversold,4476.9,4441.91,-8.9,N,N,Y
CDLDOJI,2026-05-27 23:00,BULL,rsi_mid_oversold,4467.6,4434.25,14.8,N,Y,Y
CDLDOJI,2026-05-27 23:30,BULL,rsi_mid_oversold,4468.0,4435.69,13.2,N,Y,Y
CDLSHORTLINE,2026-05-28 00:00,BULL,rsi_mid_oversold,4478.3,4446.6,3.6,N,Y,Y
CDLHIKKAKE,2026-05-28 00:30,BULL,rsi_mid_oversold,4482.4,4451.85,4.9,N,Y,Y
CDLDOJI,2026-05-28 01:00,BULL,rsi_mid_oversold,4481.2,4451.49,4.7,N,Y,Y
CDLDOJI,2026-05-28 01:30,BULL,rsi_mid_oversold,4481.9,4453.73,0.6,N,Y,Y
CDLSHORTLINE,2026-05-28 02:30,BEAR,rsi_mid_overbought,4485.9,4512.1,-0.8,N,N,Y
CDLHIKKAKE,2026-05-28 03:00,BULL,rsi_mid_oversold,4482.5,4457.52,6.0,N,Y,N
CDLSHORTLINE,2026-05-28 03:00,BEAR,trend_up,4482.5,4507.48,-6.0,N,N,Y
CDLDOJI,2026-05-28 03:30,BULL,rsi_mid_oversold,4483.0,4459.05,7.1,N,Y,N
CDLHIKKAKE,2026-05-28 06:00,BEAR,rsi_mid_overbought,4490.1,4512.84,12.4,N,Y,Y
CDLSHORTLINE,2026-05-28 06:30,BEAR,rsi_mid_overbought,4488.0,4510.04,11.4,N,Y,Y
CDLDOJI,2026-05-28 08:00,BULL,rsi_mid_oversold,4476.6,4455.33,-21.27,Y,N,Y
CDLSHORTLINE,2026-05-28 12:30,BULL,trend_down,4402.2,4375.84,8.0,N,Y,Y
CDLSHORTLINE,2026-05-28 14:30,BULL,rsi_mid_oversold,4413.3,4387.15,5.6,N,Y,Y
CDLBELTHOLD,2026-05-28 15:00,BULL,rsi_mid_oversold,4422.4,4396.53,-5.6,N,N,Y
CDLDOJI,2026-05-28 16:00,BULL,rsi_mid_oversold,4418.9,4394.17,5.1,N,Y,Y
CDLBELTHOLD,2026-05-28 17:00,BULL,rsi_mid_oversold,4426.2,4402.25,-12.6,N,N,Y
CDLLONGLINE,2026-05-28 18:00,BULL,rsi_mid_oversold,4431.6,4408.58,-23.02,Y,N,Y
CDLHIKKAKE,2026-05-28 18:00,BEAR,trend_up,4431.6,4454.62,13.4,N,Y,Y
CDLHIKKAKE,2026-05-28 19:30,BULL,rsi_mid_oversold,4418.2,4394.59,40.6,N,Y,Y
CDLSPINNINGTOP,2026-05-28 21:00,BEAR,rsi_mid_overbought,4458.8,4486.92,-28.12,Y,N,Y
CDLSHOOTINGSTAR,2026-05-28 23:00,BEAR,trend_up,4507.1,4540.52,-33.42,Y,N,Y
CDLSHORTLINE,2026-05-29 01:00,BEAR,trend_up,4532.5,4564.45,0.0,N,N,Y
CDLHIKKAKE,2026-05-29 02:00,BEAR,trend_up,4537.0,4566.84,8.3,N,Y,Y
CDLHIKKAKE,2026-05-29 02:30,BEAR,trend_up,4532.5,4561.2,2.5,N,Y,Y
CDLSHORTLINE,2026-05-29 03:00,BEAR,trend_up,4530.8,4558.11,3.5,N,Y,Y
CDLSHORTLINE,2026-05-29 03:30,BEAR,rsi_mid_overbought,4528.7,4554.65,2.3,N,Y,Y
CDLSHORTLINE,2026-05-29 04:30,BEAR,rsi_mid_overbought,4527.3,4551.09,4.2,N,Y,N
CDLHIGHWAVE,2026-05-29 06:00,BEAR,rsi_mid_overbought,4526.4,4549.49,0.8,N,Y,Y
CDLBELTHOLD,2026-05-29 06:30,BEAR,rsi_mid_overbought,4521.7,4543.83,-8.6,N,N,Y
CDLBELTHOLD,2026-05-29 08:30,BEAR,rsi_mid_overbought,4525.3,4545.17,-19.87,Y,N,Y
CDLHIKKAKE,2026-05-29 10:00,BEAR,rsi_mid_overbought,4533.4,4554.49,2.5,N,Y,Y
CDLHIGHWAVE,2026-05-29 10:30,BEAR,rsi_mid_overbought,4531.7,4552.52,-8.2,N,N,Y
CDLBELTHOLD,2026-05-29 11:00,BEAR,rsi_mid_overbought,4526.8,4547.01,-17.9,N,N,N
CDLHIKKAKE,2026-05-29 12:00,BEAR,rsi_mid_overbought,4539.9,4559.53,-5.9,N,N,Y
CDLHARAMI,2026-05-29 13:00,BEAR,rsi_mid_overbought,4540.5,4559.0,-13.9,N,N,Y
CDLBELTHOLD,2026-05-29 15:00,BEAR,rsi_mid_overbought,4544.8,4564.51,0.1,N,Y,Y
CDLBELTHOLD,2026-05-29 16:00,BEAR,rsi_mid_overbought,4548.1,4568.22,-20.12,Y,N,Y
CDLHIKKAKE,2026-05-29 18:30,BEAR,rsi_mid_overbought,4569.6,4590.32,16.5,N,Y,Y
CDLCLOSINGMARUBOZU,2026-05-29 19:00,BEAR,rsi_mid_overbought,4558.7,4579.69,4.7,N,Y,Y
CDLBELTHOLD,2026-05-29 20:00,BEAR,rsi_mid_overbought,4553.1,4575.08,-14.2,N,N,Y
CDLHANGINGMAN,2026-05-29 21:00,BEAR,rsi_mid_overbought,4558.8,4580.64,-21.84,Y,N,N
CDLHARAMI,2026-05-29 22:00,BEAR,rsi_mid_overbought,4561.0,4585.29,-24.29,Y,N,Y
CDLHARAMI,2026-05-29 23:30,BEAR,rsi_mid_overbought,4602.1,4633.85,9.4,N,Y,Y
CDL3INSIDE,2026-05-30 00:00,BEAR,rsi_mid_overbought,4593.9,4624.93,9.5,N,Y,Y
CDLHIKKAKE,2026-05-30 00:30,BEAR,rsi_mid_overbought,4597.7,4628.12,7.4,N,Y,Y
CDLENGULFING,2026-05-30 01:00,BEAR,rsi_mid_overbought,4592.7,4621.99,8.5,N,Y,Y
CDL3OUTSIDE,2026-05-30 01:30,BEAR,rsi_mid_overbought,4584.4,4612.94,-2.4,N,N,Y
CDLENGULFING,2026-05-30 02:30,BEAR,rsi_mid_overbought,4584.2,4611.12,10.1,N,Y,Y
CDLHIKKAKE,2026-05-30 03:30,BULL,trend_down,4576.8,4550.98,-12.9,N,N,Y
CDLBELTHOLD,2026-05-30 03:30,BEAR,rsi_mid_overbought,4576.8,4602.62,12.9,N,Y,Y
CDLSPINNINGTOP,2026-06-01 06:30,BULL,rsi_mid_oversold,4565.9,4537.49,7.9,N,Y,Y
CDLBELTHOLD,2026-06-01 07:00,BULL,trend_down,4575.7,4548.09,-4.3,N,N,Y
CDLENGULFING,2026-06-01 10:00,BULL,rsi_mid_oversold,4561.0,4536.57,-15.0,N,N,Y
CDLDOJI,2026-06-01 11:00,BULL,rsi_mid_oversold,4550.7,4526.86,-6.0,N,N,Y
CDLDOJI,2026-06-01 12:00,BULL,rsi_mid_oversold,4546.1,4522.97,2.1,N,Y,Y
CDLHIKKAKE,2026-06-01 12:30,BULL,rsi_mid_oversold,4544.7,4521.95,-0.4,N,N,Y
CDLBELTHOLD,2026-06-01 13:00,BULL,rsi_mid_oversold,4550.8,4528.46,-19.1,N,N,Y
CDLHAMMER,2026-06-01 14:00,BULL,rsi_mid_oversold,4544.3,4521.87,-11.6,N,N,Y
CDLHIKKAKE,2026-06-01 15:30,BULL,rsi_mid_oversold,4532.7,4509.98,-6.7,N,N,Y
CDLHARAMI,2026-06-01 16:30,BULL,rsi_mid_oversold,4527.4,4504.86,3.4,N,Y,Y
CDLDOJI,2026-06-01 17:30,BULL,rsi_mid_oversold,4525.6,4503.69,15.3,N,Y,Y
CDLBELTHOLD,2026-06-01 18:00,BULL,rsi_mid_oversold,4530.8,4509.47,5.2,N,Y,Y
CDLDOJI,2026-06-01 20:00,BULL,rsi_mid_oversold,4535.6,4514.96,-20.64,Y,N,Y
CDLSHORTLINE,2026-06-01 22:30,BULL,trend_down,4488.5,4462.0,9.6,N,Y,Y
CDLLONGLINE,2026-06-01 23:00,BULL,rsi_mid_oversold,4498.7,4472.17,11.9,N,Y,Y
CDLBELTHOLD,2026-06-02 00:30,BULL,rsi_mid_oversold,4510.6,4484.31,5.8,N,Y,Y
CDLADVANCEBLOCK,2026-06-02 01:30,BEAR,trend_up,4517.5,4543.42,2.8,N,Y,Y
CDLDOJI,2026-06-02 02:00,BULL,rsi_mid_oversold,4516.4,4491.83,-5.3,N,N,N
CDLSHORTLINE,2026-06-02 02:00,BEAR,trend_up,4516.4,4540.97,5.3,N,Y,Y
CDLDOJI,2026-06-02 02:30,BULL,rsi_mid_oversold,4516.8,4493.49,-3.6,N,N,N
CDLSHORTLINE,2026-06-02 04:00,BULL,rsi_mid_oversold,4513.2,4492.78,2.1,N,Y,N
CDLSHORTLINE,2026-06-02 04:30,BULL,rsi_mid_oversold,4514.8,4495.27,2.4,N,Y,N
CDLLONGLINE,2026-06-02 06:30,BULL,rsi_mid_oversold,4515.3,4496.74,7.7,N,Y,Y
CDLLONGLINE,2026-06-02 10:00,BULL,rsi_mid_oversold,4511.4,4488.85,17.0,N,Y,Y
CDLHANGINGMAN,2026-06-02 10:30,BEAR,rsi_mid_overbought,4516.2,4538.75,-22.55,Y,N,N
CDLSHOOTINGSTAR,2026-06-02 12:00,BEAR,rsi_mid_overbought,4535.0,4556.84,-21.84,Y,N,Y
CDLENGULFING,2026-06-02 13:30,BEAR,rsi_mid_overbought,4547.0,4568.45,-21.45,Y,N,Y
CDLENGULFING,2026-06-02 16:00,BEAR,rsi_mid_overbought,4561.2,4581.29,1.8,N,Y,Y
CDLHIGHWAVE,2026-06-02 17:00,BEAR,rsi_mid_overbought,4556.7,4576.23,-6.4,N,N,N
CDLHARAMI,2026-06-02 19:00,BEAR,rsi_mid_overbought,4559.9,4578.17,15.9,N,Y,Y
CDL3INSIDE,2026-06-02 19:30,BEAR,rsi_mid_overbought,4557.3,4574.93,17.2,N,Y,Y
CDLBELTHOLD,2026-06-02 22:30,BULL,rsi_mid_oversold,4533.7,4513.41,-14.0,N,N,Y
CDLSHORTLINE,2026-06-02 23:00,BULL,rsi_mid_oversold,4534.9,4515.18,-13.6,N,N,Y
CDLHAMMER,2026-06-03 00:30,BULL,rsi_mid_oversold,4521.3,4502.2,-3.4,N,N,Y
CDLDOJI,2026-06-03 01:00,BULL,rsi_mid_oversold,4520.7,4502.1,-3.8,N,N,Y
CDLHARAMI,2026-06-03 02:00,BULL,rsi_mid_oversold,4517.9,4499.88,-0.2,N,N,Y
CDLHIKKAKE,2026-06-03 02:30,BULL,rsi_mid_oversold,4516.9,4498.67,2.5,N,Y,Y
CDLSHORTLINE,2026-06-03 03:00,BULL,rsi_mid_oversold,4519.5,4502.03,-0.3,N,N,Y
CDLSHORTLINE,2026-06-03 04:00,BULL,rsi_mid_oversold,4519.4,4502.91,-5.4,N,N,Y
CDLDOJI,2026-06-03 04:30,BULL,rsi_mid_oversold,4519.2,4503.33,-15.87,Y,N,Y
CDLMATCHINGLOW,2026-06-03 06:00,BULL,rsi_mid_oversold,4519.0,4503.5,-15.5,Y,N,Y
CDLBELTHOLD,2026-06-03 08:00,BULL,rsi_mid_oversold,4511.3,4493.4,-17.9,Y,N,Y
CDLCLOSINGMARUBOZU,2026-06-03 09:30,BULL,rsi_mid_oversold,4504.0,4483.55,7.4,N,Y,Y
CDLSPINNINGTOP,2026-06-03 10:00,BULL,rsi_mid_oversold,4506.6,4486.52,5.4,N,Y,Y
CDLSPINNINGTOP,2026-06-03 10:30,BULL,rsi_mid_oversold,4509.8,4489.65,-4.7,N,N,Y
CDLDOJI,2026-06-03 11:00,BULL,rsi_mid_oversold,4511.4,4491.98,-13.9,N,N,Y
CDLDOJI,2026-06-03 11:30,BULL,rsi_mid_oversold,4512.0,4493.5,-15.2,N,N,N
CDL3LINESTRIKE,2026-06-03 12:00,BULL,rsi_mid_oversold,4505.1,4486.55,-18.55,Y,N,N
CDLDOJI,2026-06-03 13:00,BULL,rsi_mid_oversold,4496.8,4478.75,-5.1,N,N,Y
CDLSPINNINGTOP,2026-06-03 14:30,BULL,rsi_mid_oversold,4491.7,4473.09,-6.3,N,N,Y
CDLINVERTEDHAMMER,2026-06-03 15:30,BULL,rsi_mid_oversold,4481.6,4462.33,-13.0,N,N,Y
CDLDOJI,2026-06-03 18:30,BULL,rsi_mid_oversold,4487.7,4465.38,-6.9,N,N,Y
CDLSHORTLINE,2026-06-03 19:00,BULL,rsi_mid_oversold,4492.9,4471.04,-4.3,N,N,Y
CDLHIKKAKE,2026-06-03 19:00,BEAR,trend_up,4492.9,4514.76,4.3,N,Y,Y
CDLENGULFING,2026-06-03 22:00,BULL,rsi_mid_oversold,4479.8,4454.4,-10.0,N,N,Y
CDL3OUTSIDE,2026-06-03 22:30,BULL,rsi_mid_oversold,4485.3,4460.06,-20.0,N,N,N
CDLHAMMER,2026-06-03 23:30,BULL,rsi_mid_oversold,4469.8,4444.66,-2.7,N,N,Y
CDLSHORTLINE,2026-06-04 00:30,BULL,rsi_mid_oversold,4469.4,4445.45,-1.0,N,N,Y
CDLDOJI,2026-06-04 01:30,BULL,rsi_mid_oversold,4467.2,4444.4,8.4,N,Y,Y
CDLDOJI,2026-06-04 02:00,BULL,rsi_mid_oversold,4468.4,4446.37,3.6,N,Y,Y
CDLSHORTLINE,2026-06-04 02:30,BULL,rsi_mid_oversold,4470.1,4448.91,-2.9,N,N,Y
CDLBELTHOLD,2026-06-04 03:00,BULL,rsi_mid_oversold,4475.6,4454.61,-12.9,N,N,Y
CDLHIKKAKE,2026-06-04 04:00,BULL,rsi_mid_oversold,4467.2,4447.25,8.1,N,Y,Y
CDLBELTHOLD,2026-06-04 06:30,BULL,rsi_mid_oversold,4475.3,4454.07,2.7,N,Y,Y
CDLHIKKAKE,2026-06-04 07:30,BEAR,rsi_mid_overbought,4483.5,4504.88,-9.5,N,N,Y
CDLSPINNINGTOP,2026-06-04 08:30,BEAR,trend_up,4475.6,4497.23,-21.63,Y,N,Y
CDLSPINNINGTOP,2026-06-04 09:30,BEAR,rsi_mid_overbought,4492.5,4516.41,-3.8,N,N,Y
CDLHARAMI,2026-06-04 11:00,BEAR,rsi_mid_overbought,4496.3,4520.41,-11.8,N,N,Y
CDLBELTHOLD,2026-06-04 13:00,BEAR,rsi_mid_overbought,4500.6,4523.85,5.9,N,Y,N
CDL3OUTSIDE,2026-06-04 13:30,BEAR,rsi_mid_overbought,4496.0,4518.74,3.5,N,Y,Y
CDLSPINNINGTOP,2026-06-04 14:30,BEAR,rsi_mid_overbought,4494.7,4517.34,4.2,N,Y,Y
CDLSPINNINGTOP,2026-06-04 15:00,BEAR,rsi_mid_overbought,4492.5,4514.67,2.3,N,Y,N
CDLSPINNINGTOP,2026-06-04 16:00,BULL,trend_down,4490.5,4469.21,7.7,N,Y,Y
CDLDOJI,2026-06-04 16:30,BULL,trend_down,4490.2,4469.19,4.9,N,Y,Y
CDLHIGHWAVE,2026-06-04 16:30,BEAR,rsi_mid_overbought,4490.2,4511.21,-4.9,N,N,N
CDLHARAMI,2026-06-04 18:00,BEAR,rsi_mid_overbought,4495.1,4515.52,-20.42,Y,N,Y
CDLHIKKAKE,2026-06-04 18:30,BEAR,rsi_mid_overbought,4501.6,4521.5,-19.9,Y,N,Y
CDLCLOSINGMARUBOZU,2026-06-04 21:30,BEAR,rsi_mid_overbought,4523.7,4548.95,25.3,N,Y,Y
CDLHARAMI,2026-06-04 23:00,BULL,rsi_mid_oversold,4498.4,4471.37,12.4,N,Y,Y
CDLSHORTLINE,2026-06-04 23:30,BULL,trend_down,4504.9,4478.63,-0.1,N,N,Y
CDLHIKKAKE,2026-06-04 23:30,BEAR,rsi_mid_overbought,4504.9,4531.17,0.1,N,Y,N
CDLHANGINGMAN,2026-06-05 00:30,BEAR,rsi_mid_overbought,4510.8,4535.28,4.9,N,Y,N
CDLHIKKAKE,2026-06-05 01:00,BULL,rsi_mid_oversold,4504.8,4480.97,1.1,N,Y,Y
CDLDOJI,2026-06-05 01:30,BULL,trend_down,4506.0,4483.17,1.8,N,Y,Y
CDLDOJI,2026-06-05 02:00,BULL,trend_down,4505.9,4484.11,3.0,N,Y,Y
CDLHIGHWAVE,2026-06-05 02:00,BEAR,rsi_mid_overbought,4505.9,4527.69,-3.0,N,N,N
CDLDOJI,2026-06-05 02:30,BULL,trend_down,4505.9,4484.76,-0.6,N,N,Y
CDLHIKKAKE,2026-06-05 04:00,BULL,rsi_mid_oversold,4505.3,4486.23,-8.4,N,N,Y
CDLDOJI,2026-06-05 07:00,BULL,rsi_mid_oversold,4496.5,4478.43,-18.07,Y,N,Y
CDLDOJI,2026-06-05 09:00,BULL,rsi_mid_oversold,4485.1,4465.29,-19.81,Y,N,Y
CDLHARAMI,2026-06-05 10:00,BULL,rsi_mid_oversold,4477.6,4457.09,-9.2,N,N,Y
CDLBELTHOLD,2026-06-05 11:30,BULL,rsi_mid_oversold,4468.4,4448.6,2.6,N,Y,Y
CDLSHORTLINE,2026-06-05 12:30,BULL,rsi_mid_oversold,4471.0,4452.09,-2.1,N,N,Y
CDLDOJI,2026-06-05 13:00,BULL,rsi_mid_oversold,4471.0,4452.42,8.7,N,Y,Y
CDLHARAMI,2026-06-05 14:00,BULL,rsi_mid_oversold,4468.9,4449.51,18.8,N,Y,Y
CDL3INSIDE,2026-06-05 14:30,BULL,rsi_mid_oversold,4479.7,4459.9,14.2,N,Y,Y
CDLBELTHOLD,2026-06-05 15:30,BEAR,rsi_mid_overbought,4487.7,4507.56,-2.1,N,N,Y
CDLHARAMI,2026-06-05 16:30,BEAR,rsi_mid_overbought,4489.8,4508.82,-3.4,N,N,Y
CDLHIGHWAVE,2026-06-05 19:00,BEAR,rsi_mid_overbought,4493.1,4510.71,61.0,N,Y,Y
CDLENGULFING,2026-06-05 20:00,BEAR,rsi_mid_overbought,4491.0,4509.44,100.5,N,Y,Y
CDLENGULFING,2026-06-05 22:30,BULL,trend_down,4394.6,4362.64,-31.96,Y,N,Y
CDLENGULFING,2026-06-06 00:30,BULL,trend_down,4369.1,4335.82,-18.9,N,N,Y
CDLDOJI,2026-06-06 01:00,BULL,trend_down,4367.4,4335.09,-20.7,N,N,Y
CDLDOJI,2026-06-06 01:30,BULL,trend_down,4366.2,4334.98,-17.6,N,N,Y
CDLHAMMER,2026-06-06 02:30,BULL,trend_down,4346.7,4315.95,0.5,N,Y,Y
CDLDOJI,2026-06-06 03:00,BULL,trend_down,4348.6,4318.76,16.7,N,Y,Y
CDLSPINNINGTOP,2026-06-06 04:00,BULL,trend_down,4347.2,4318.33,-5.8,N,N,Y
CDLCLOSINGMARUBOZU,2026-06-06 04:30,BULL,rsi_mid_oversold,4365.3,4336.03,-7.3,N,N,Y
CDLDOJI,2026-06-08 06:30,BULL,trend_down,4341.4,4311.22,33.8,N,Y,Y
CDLBELTHOLD,2026-06-08 07:00,BULL,rsi_mid_oversold,4358.0,4327.85,8.0,N,Y,Y
CDLBELTHOLD,2026-06-08 07:30,BULL,rsi_mid_oversold,4367.9,4338.12,-29.78,Y,N,Y
CDLLONGLINE,2026-06-08 08:00,BULL,rsi_mid_oversold,4375.2,4345.86,-29.34,Y,N,N
CDLENGULFING,2026-06-08 11:30,BULL,rsi_mid_oversold,4339.8,4309.23,-3.6,N,N,Y
CDL3OUTSIDE,2026-06-08 12:00,BULL,rsi_mid_oversold,4344.0,4314.53,-29.47,Y,N,Y
CDLDOJI,2026-06-08 13:00,BULL,rsi_mid_oversold,4336.2,4307.87,-28.33,Y,N,Y
CDLBELTHOLD,2026-06-08 14:00,BULL,rsi_mid_oversold,4330.9,4298.83,-11.0,N,N,Y
CDLENGULFING,2026-06-08 15:00,BULL,rsi_mid_oversold,4331.4,4299.45,-18.3,N,N,Y
CDLDOJI,2026-06-08 16:30,BULL,rsi_mid_oversold,4313.1,4283.15,5.3,N,Y,Y
CDLHIKKAKE,2026-06-08 17:00,BULL,rsi_mid_oversold,4304.4,4274.93,22.0,N,Y,Y
CDLENGULFING,2026-06-08 17:30,BULL,rsi_mid_oversold,4318.8,4287.77,31.4,N,Y,Y
CDLDOJI,2026-06-08 18:00,BULL,rsi_mid_oversold,4318.4,4288.14,37.9,N,Y,Y
CDLENGULFING,2026-06-08 18:30,BULL,rsi_mid_oversold,4326.4,4296.59,28.3,N,Y,Y
CDLHIGHWAVE,2026-06-08 20:00,BEAR,rsi_mid_overbought,4354.7,4385.61,2.9,N,Y,Y
CDLSPINNINGTOP,2026-06-08 21:00,BEAR,rsi_mid_overbought,4355.6,4385.62,-0.2,N,N,Y
CDLSHORTLINE,2026-06-08 22:00,BEAR,rsi_mid_overbought,4344.9,4375.07,-21.2,N,N,Y
CDLHIGHWAVE,2026-06-08 23:00,BEAR,rsi_mid_overbought,4354.8,4384.6,-10.2,N,N,Y
CDLHARAMI,2026-06-09 00:00,BEAR,rsi_mid_overbought,4365.2,4393.63,1.8,N,Y,Y
CDLHIGHWAVE,2026-06-09 00:30,BEAR,rsi_mid_overbought,4365.0,4392.5,-1.9,N,N,Y
CDLSPINNINGTOP,2026-06-09 01:30,BEAR,rsi_mid_overbought,4363.4,4389.09,11.4,N,Y,Y
CDLLONGLINE,2026-06-09 02:30,BEAR,rsi_mid_overbought,4358.8,4383.26,8.8,N,Y,Y
CDLDOJI,2026-06-09 04:00,BULL,rsi_mid_oversold,4350.0,4327.44,1.5,N,Y,Y
CDLHIKKAKE,2026-06-09 04:30,BEAR,rsi_mid_overbought,4353.8,4375.4,9.8,N,Y,N
CDLHARAMI,2026-06-09 06:30,BULL,rsi_mid_oversold,4351.5,4330.36,-10.9,N,N,Y
CDLDOJI,2026-06-09 08:00,BULL,rsi_mid_oversold,4340.6,4320.57,20.2,N,Y,Y
CDLDOJISTAR,2026-06-09 09:30,BEAR,rsi_mid_overbought,4360.8,4380.74,0.1,N,Y,Y
CDLSPINNINGTOP,2026-06-09 10:00,BEAR,rsi_mid_overbought,4360.2,4379.83,0.4,N,Y,Y
CDLENGULFING,2026-06-09 11:30,BEAR,rsi_mid_overbought,4359.8,4379.0,3.0,N,Y,Y
CDL3OUTSIDE,2026-06-09 12:00,BEAR,rsi_mid_overbought,4355.0,4374.19,-19.19,Y,N,Y
CDLHIGHWAVE,2026-06-09 13:00,BEAR,rsi_mid_overbought,4356.8,4375.21,-18.41,Y,N,N
CDLCLOSINGMARUBOZU,2026-06-09 14:00,BEAR,rsi_mid_overbought,4363.5,4383.02,13.3,N,Y,Y
CDLHIKKAKE,2026-06-09 14:30,BULL,rsi_mid_oversold,4354.4,4335.0,3.3,N,Y,N
CDLDOJI,2026-06-09 15:00,BULL,rsi_mid_oversold,4354.8,4335.25,-4.4,N,N,Y
CDLDOJI,2026-06-09 17:00,BULL,rsi_mid_oversold,4350.2,4330.3,13.1,N,Y,Y
CDLHIKKAKE,2026-06-09 18:00,BEAR,rsi_mid_overbought,4357.5,4377.11,-6.8,N,N,Y
CDLHARAMI,2026-06-09 19:00,BEAR,rsi_mid_overbought,4362.5,4381.42,-2.9,N,N,Y
CDLCLOSINGMARUBOZU,2026-06-09 20:00,BEAR,rsi_mid_overbought,4359.9,4378.22,-18.32,Y,N,Y
CDLBELTHOLD,2026-06-10 01:00,BULL,trend_down,4287.4,4254.19,7.0,N,Y,Y
CDLDOJI,2026-06-10 01:30,BULL,trend_down,4287.2,4254.8,-5.6,N,N,Y
CDLSHORTLINE,2026-06-10 02:00,BULL,rsi_mid_oversold,4295.2,4263.22,-12.5,N,N,Y
CDLDOJI,2026-06-10 02:30,BULL,rsi_mid_oversold,4294.4,4263.19,-11.4,N,N,Y
CDLHIKKAKE,2026-06-10 03:00,BULL,trend_down,4281.6,4250.19,3.2,N,Y,Y
CDLDOJI,2026-06-10 03:30,BULL,trend_down,4282.7,4252.26,-2.1,N,N,Y
CDLDOJI,2026-06-10 04:00,BULL,trend_down,4283.0,4254.08,-22.6,N,N,Y
CDLGAPSIDESIDEWHITE,2026-06-10 04:30,BULL,rsi_mid_oversold,4284.8,4257.4,-27.4,Y,N,Y
CDLHAMMER,2026-06-10 06:00,BULL,trend_down,4280.6,4253.34,-27.26,Y,N,N
CDLDOJI,2026-06-10 08:30,BULL,trend_down,4241.6,4211.67,-29.93,Y,N,N
CDLDOJI,2026-06-10 10:00,BULL,trend_down,4212.1,4180.28,-3.9,N,N,Y
CDLSHORTLINE,2026-06-10 11:00,BULL,trend_down,4201.0,4170.1,-3.0,N,N,Y
CDLSHORTLINE,2026-06-10 11:30,BULL,trend_down,4208.2,4178.23,2.3,N,Y,Y
CDLDOJI,2026-06-10 12:30,BULL,trend_down,4198.0,4169.9,37.4,N,Y,Y
CDLBELTHOLD,2026-06-10 13:00,BULL,trend_down,4210.5,4182.63,16.6,N,Y,Y
CDLHIKKAKE,2026-06-10 17:00,BULL,trend_down,4189.0,4160.48,8.5,N,Y,Y
CDLBELTHOLD,2026-06-10 18:30,BULL,rsi_mid_oversold,4197.5,4169.22,-28.28,Y,N,Y
CDLDOJI,2026-06-10 21:00,BULL,rsi_mid_oversold,4172.1,4138.29,-25.0,N,N,Y
CDLHIKKAKE,2026-06-10 22:30,BULL,rsi_mid_oversold,4147.1,4106.88,3.5,N,Y,Y
CDLHARAMI,2026-06-10 23:00,BULL,rsi_mid_oversold,4150.5,4110.18,-5.9,N,N,Y
CDLDOJI,2026-06-10 23:30,BULL,rsi_mid_oversold,4151.9,4111.37,-18.1,N,N,Y
CDLDOJI,2026-06-11 00:00,BULL,rsi_mid_oversold,4150.6,4111.35,-15.7,N,N,Y
CDLINVERTEDHAMMER,2026-06-11 01:00,BULL,trend_down,4133.8,4094.83,-8.8,N,N,Y
CDLDOJI,2026-06-11 01:30,BULL,rsi_mid_oversold,4134.9,4097.06,-26.9,N,N,Y
CDLDOJI,2026-06-11 02:00,BULL,rsi_mid_oversold,4136.0,4099.47,-29.8,N,N,Y
CDLDOJI,2026-06-11 03:30,BULL,trend_down,4106.2,4071.46,-34.74,Y,N,Y
CDLHAMMER,2026-06-11 04:00,BULL,trend_down,4101.5,4067.48,-34.02,Y,N,Y
CDLDOJI,2026-06-11 06:30,BULL,trend_down,4069.1,4033.44,20.3,N,Y,Y
CDLHIKKAKE,2026-06-11 07:00,BULL,trend_down,4084.1,4045.87,13.4,N,Y,Y
CDLHIKKAKE,2026-06-11 08:30,BULL,rsi_mid_oversold,4097.5,4058.0,5.3,N,Y,Y
CDLSPINNINGTOP,2026-06-11 09:30,BEAR,trend_up,4122.4,4163.93,38.1,N,Y,Y
CDLHAMMER,2026-06-11 10:30,BULL,rsi_mid_oversold,4089.3,4047.04,9.6,N,Y,N
CDLENGULFING,2026-06-11 11:30,BULL,rsi_mid_oversold,4095.5,4054.91,1.2,N,Y,Y
CDL3OUTSIDE,2026-06-11 12:00,BULL,rsi_mid_oversold,4098.9,4059.25,16.6,N,Y,Y
CDLSHORTLINE,2026-06-11 12:30,BULL,rsi_mid_oversold,4103.8,4065.53,3.7,N,Y,N
CDLHARAMI,2026-06-11 14:00,BEAR,trend_up,4107.5,4145.3,-18.3,N,N,Y
CDLHIKKAKE,2026-06-11 14:30,BEAR,rsi_mid_overbought,4115.7,4152.65,-2.8,N,N,Y
CDLHARAMI,2026-06-11 15:30,BEAR,rsi_mid_overbought,4125.8,4161.4,25.8,N,Y,Y
CDLENGULFING,2026-06-11 17:30,BULL,rsi_mid_oversold,4112.4,4079.1,-1.5,N,N,N
CDLSHORTLINE,2026-06-11 18:30,BULL,rsi_mid_oversold,4110.3,4079.84,-20.8,N,N,Y
CDLDOJI,2026-06-11 19:00,BULL,rsi_mid_oversold,4110.9,4081.29,-29.61,Y,N,Y
CDLENGULFING,2026-06-11 20:30,BULL,rsi_mid_oversold,4102.5,4070.47,-7.2,N,N,N
CDLENGULFING,2026-06-11 21:30,BULL,rsi_mid_oversold,4104.3,4071.74,-1.4,N,N,Y
CDLDOJI,2026-06-11 22:30,BULL,rsi_mid_oversold,4094.4,4060.77,6.4,N,Y,Y
CDLENGULFING,2026-06-11 23:00,BULL,rsi_mid_oversold,4102.9,4069.21,-1.7,N,N,Y
CDLDOJI,2026-06-12 00:30,BULL,rsi_mid_oversold,4101.2,4067.66,72.5,N,Y,Y
CDLADVANCEBLOCK,2026-06-12 02:00,BEAR,trend_up,4173.7,4215.93,-42.23,Y,N,Y
CDLHIKKAKE,2026-06-12 02:30,BEAR,trend_up,4183.1,4225.17,-42.07,Y,N,N
CDLADVANCEBLOCK,2026-06-12 04:00,BEAR,trend_up,4235.4,4277.26,-28.8,N,N,Y
CDLHANGINGMAN,2026-06-12 04:30,BEAR,trend_up,4233.8,4273.58,-3.5,N,N,Y
CDLBELTHOLD,2026-06-12 07:00,BEAR,trend_up,4237.3,4279.2,8.3,N,Y,Y
CDLENGULFING,2026-06-12 08:30,BEAR,rsi_mid_overbought,4229.0,4269.96,19.1,N,Y,Y
CDL3OUTSIDE,2026-06-12 09:00,BEAR,rsi_mid_overbought,4202.6,4244.64,-10.9,N,N,Y
CDLHARAMI,2026-06-12 11:30,BEAR,rsi_mid_overbought,4220.9,4257.45,12.0,N,Y,Y
CDLSHORTLINE,2026-06-12 12:00,BEAR,rsi_mid_overbought,4214.5,4249.76,19.8,N,Y,Y
CDLBELTHOLD,2026-06-12 14:00,BULL,trend_down,4203.8,4171.95,11.4,N,Y,Y
CDLADVANCEBLOCK,2026-06-12 16:30,BEAR,rsi_mid_overbought,4241.2,4273.13,13.4,N,Y,Y
CDLBELTHOLD,2026-06-12 19:00,BEAR,rsi_mid_overbought,4223.5,4252.52,11.2,N,Y,Y
CDLENGULFING,2026-06-12 20:00,BEAR,rsi_mid_overbought,4221.9,4250.92,15.2,N,Y,N
CDLDOJI,2026-06-12 22:00,BULL,rsi_mid_oversold,4208.8,4178.26,23.6,N,Y,N
CDLLONGLINE,2026-06-12 23:30,BEAR,rsi_mid_overbought,4232.4,4267.18,-6.8,N,N,Y
CDLHIKKAKE,2026-06-13 00:00,BEAR,rsi_mid_overbought,4237.5,4272.98,-4.3,N,N,Y
CDLHIGHWAVE,2026-06-13 00:30,BEAR,rsi_mid_overbought,4236.5,4270.57,-10.7,N,N,Y
CDLHIKKAKE,2026-06-13 01:00,BEAR,rsi_mid_overbought,4239.2,4272.43,3.0,N,Y,Y
