形态,方向,过滤器,信号数,胜,负,胜率%,平均波动$,保留率%,达标
CDLTAKURI,bull,rsi_mid_oversold,25,24,1,96.0,7.44,100.0,Y
CDLTAKURI,bull,trend_down,24,23,1,95.8,8.36,100.0,Y
CDLENGULFING,bear,rsi_overbought,14,13,1,92.9,8.38,100.0,Y
CDLDRAGONFLYDOJI,bull,rsi_mid_oversold,27,25,2,92.6,8.01,100.0,Y
CDLDRAGONFLYDOJI,bull,trend_down,26,24,2,92.3,8.89,100.0,Y
CDLMATCHINGLOW,bull,rsi_mid_overbought,13,12,1,92.3,4.56,100.0,Y
CDLEVENINGSTAR,bear,trend_down,13,11,2,84.6,10.0,100.0,Y
CDLEVENINGSTAR,bear,rsi_mid_oversold,13,11,2,84.6,9.9,100.0,Y
CDLMATCHINGLOW,bull,trend_up,13,11,2,84.6,4.82,100.0,Y
CDLTAKURI,bull,atr_high,13,11,2,84.6,8.66,100.0,Y
CDLDRAGONFLYDOJI,bull,atr_low,38,32,6,84.2,6.61,100.0,Y
CDLEVENINGSTAR,bear,none,19,16,3,84.2,10.13,100.0,Y
CDLHARAMICROSS,bear,rsi_mid_oversold,19,16,3,84.2,7.02,100.0,Y
CDLADVANCEBLOCK,bear,atr_low,24,20,4,83.3,7.7,100.0,Y
CDLADVANCEBLOCK,bear,rsi_mid_overbought,18,15,3,83.3,6.9,100.0,Y
CDLDRAGONFLYDOJI,bull,none,51,42,9,82.4,7.21,100.0,Y
CDLTAKURI,bull,none,51,42,9,82.4,7.62,100.0,Y
CDLADVANCEBLOCK,bear,trend_up,28,23,5,82.1,7.47,100.0,Y
CDLADVANCEBLOCK,bear,none,33,27,6,81.8,7.94,100.0,Y
CDLSHOOTINGSTAR,bear,rsi_mid_overbought,22,18,4,81.8,10.28,100.0,Y
CDLTAKURI,bull,atr_low,38,31,7,81.6,7.27,100.0,Y
CDLINVERTEDHAMMER,bull,rsi_mid_oversold,16,13,3,81.2,9.13,100.0,Y
CDL3OUTSIDE,bear,rsi_oversold,10,8,2,80.0,9.78,100.0,Y
CDLEVENINGSTAR,bear,atr_high,10,8,2,80.0,12.49,100.0,Y
CDLHANGINGMAN,bear,rsi_mid_oversold,15,12,3,80.0,7.07,100.0,Y
CDLMARUBOZU,bear,rsi_mid_overbought,56,44,12,78.6,8.32,100.0,Y
CDLHARAMICROSS,bear,atr_low,37,29,8,78.4,6.47,100.0,Y
CDLSHORTLINE,bull,rsi_overbought,22,17,5,77.3,9.41,100.0,Y
CDLDRAGONFLYDOJI,bull,atr_high,13,10,3,76.9,8.99,100.0,Y
CDLHANGINGMAN,bear,atr_low,26,20,6,76.9,9.2,100.0,Y
CDLSHORTLINE,bull,vol_expand,56,43,13,76.8,8.33,100.0,Y
CDLHARAMICROSS,bear,rsi_mid_overbought,21,16,5,76.2,5.35,100.0,Y
CDLXSIDEGAP3METHODS,bear,rsi_mid_oversold,25,19,6,76.0,6.9,100.0,Y
CDLMARUBOZU,bear,trend_up,66,50,16,75.8,8.11,100.0,Y
CDLRICKSHAWMAN,bull,vol_expand,41,31,10,75.6,8.96,100.0,Y
CDLMARUBOZU,bear,atr_low,89,67,22,75.3,7.11,100.0,Y
CDLLONGLINE,bear,rsi_overbought,32,24,8,75.0,8.76,100.0,Y
CDLMATCHINGLOW,bull,atr_low,39,29,10,74.4,8.81,100.0,Y
CDLHIKKAKE,bull,rsi_oversold,19,14,5,73.7,9.88,100.0,Y
CDLHARAMI,bear,rsi_mid_overbought,75,55,20,73.3,6.94,100.0,Y
CDLSHOOTINGSTAR,bear,trend_up,30,22,8,73.3,10.89,100.0,Y
CDLHARAMICROSS,bear,trend_up,26,19,7,73.1,5.65,100.0,Y
CDLHARAMICROSS,bear,none,48,35,13,72.9,6.57,100.0,Y
CDLDOJI,bull,rsi_oversold,22,16,6,72.7,9.19,100.0,Y
CDLHARAMICROSS,bear,trend_down,22,16,6,72.7,7.65,100.0,Y
CDLSHOOTINGSTAR,bear,atr_low,33,24,9,72.7,8.29,100.0,Y
CDLXSIDEGAP3METHODS,bear,trend_down,22,16,6,72.7,7.28,100.0,Y
CDLHIKKAKE,bull,atr_low,305,221,84,72.5,7.45,100.0,Y
CDLHIGHWAVE,bull,rsi_mid_overbought,145,105,40,72.4,7.04,100.0,Y
CDLENGULFING,bear,rsi_oversold,18,13,5,72.2,7.55,100.0,Y
CDLDOJI,bull,vol_expand,50,36,14,72.0,8.72,100.0,Y
CDLDRAGONFLYDOJI,bull,trend_up,25,18,7,72.0,5.48,100.0,Y
CDLLONGLEGGEDDOJI,bull,trend_down,243,175,68,72.0,8.45,100.0,Y
CDLLONGLEGGEDDOJI,bull,vol_expand,50,36,14,72.0,8.72,100.0,Y
CDLHARAMI,bear,rsi_mid_oversold,89,64,25,71.9,8.83,100.0,Y
CDLMARUBOZU,bear,none,153,110,43,71.9,8.07,100.0,Y
CDLDOJI,bull,trend_down,248,178,70,71.8,8.5,100.0,Y
CDLLONGLEGGEDDOJI,bull,atr_low,318,228,90,71.7,7.15,100.0,Y
CDLDOJI,bull,rsi_mid_overbought,176,126,50,71.6,6.18,100.0,Y
CDLLONGLEGGEDDOJI,bull,rsi_mid_overbought,176,126,50,71.6,6.18,100.0,Y
CDLDOJI,bull,atr_low,323,231,92,71.5,7.21,100.0,Y
CDLGRAVESTONEDOJI,bear,trend_down,35,25,10,71.4,7.63,100.0,Y
CDLHARAMI,bear,atr_low,126,90,36,71.4,7.91,100.0,Y
CDLHARAMI,bear,vol_expand,28,20,8,71.4,10.37,100.0,Y
CDLLONGLEGGEDDOJI,bull,rsi_oversold,21,15,6,71.4,8.99,100.0,Y
CDLLONGLEGGEDDOJI,bull,rsi_mid_oversold,230,164,66,71.3,8.46,100.0,Y
CDLSHORTLINE,bull,trend_down,310,221,89,71.3,7.86,100.0,Y
CDLDOJI,bull,rsi_mid_oversold,234,166,68,70.9,8.49,100.0,Y
CDLLONGLEGGEDDOJI,bull,none,444,315,129,70.9,7.67,100.0,Y
CDLDOJI,bull,none,449,318,131,70.8,7.71,100.0,Y
CDL3LINESTRIKE,bear,none,17,12,5,70.6,8.79,100.0,Y
CDLSHORTLINE,bull,rsi_oversold,17,12,5,70.6,8.04,100.0,Y
CDLTAKURI,bull,trend_up,27,19,8,70.4,6.97,100.0,Y
CDLHIGHWAVE,bull,trend_up,165,116,49,70.3,7.33,100.0,Y
CDLRICKSHAWMAN,bull,trend_down,175,123,52,70.3,8.25,100.0,Y
CDLHARAMI,bear,trend_up,84,59,25,70.2,7.03,100.0,Y
CDLHIKKAKE,bull,rsi_mid_oversold,225,158,67,70.2,8.64,100.0,Y
CDLSHORTLINE,bull,rsi_mid_oversold,295,207,88,70.2,7.88,100.0,Y
CDL3OUTSIDE,bear,rsi_overbought,10,7,3,70.0,11.24,100.0,Y
CDLBELTHOLD,bear,rsi_oversold,40,28,12,70.0,10.01,100.0,Y
CDLDOJI,bull,atr_high,120,84,36,70.0,8.98,100.0,Y
CDLHIKKAKE,bull,trend_down,247,173,74,70.0,8.64,100.0,Y
CDLINVERTEDHAMMER,bull,trend_down,20,14,6,70.0,10.88,100.0,Y
CDLLONGLEGGEDDOJI,bull,atr_high,120,84,36,70.0,8.98,100.0,Y
CDLMARUBOZU,bear,rsi_oversold,10,7,3,70.0,10.28,100.0,Y
CDLMARUBOZU,bear,rsi_mid_oversold,80,56,24,70.0,7.79,100.0,Y
CDLBELTHOLD,bear,atr_high,182,127,55,69.8,10.26,100.0,Y
CDLHIGHWAVE,bull,rsi_mid_oversold,202,141,61,69.8,7.8,100.0,Y
CDLDOJI,bull,trend_up,201,140,61,69.7,6.74,100.0,Y
CDLENGULFING,bear,atr_high,142,99,43,69.7,9.0,100.0,Y
CDLHIGHWAVE,bull,atr_low,277,193,84,69.7,7.37,100.0,Y
CDLLONGLEGGEDDOJI,bull,trend_up,201,140,61,69.7,6.74,100.0,Y
CDLRICKSHAWMAN,bull,rsi_mid_overbought,125,87,38,69.6,6.28,100.0,Y
CDL3OUTSIDE,bear,atr_low,111,77,34,69.4,7.37,100.0,Y
CDLGRAVESTONEDOJI,bear,atr_low,49,34,15,69.4,5.76,100.0,Y
CDLHIKKAKE,bull,none,457,317,140,69.4,8.66,100.0,Y
CDLRICKSHAWMAN,bull,atr_low,222,154,68,69.4,6.74,100.0,Y
CDLSPINNINGTOP,bull,rsi_mid_oversold,349,242,107,69.3,7.85,100.0,Y
CDLBELTHOLD,bear,rsi_mid_overbought,201,139,62,69.2,7.99,100.0,Y
CDLMATCHINGLOW,bull,none,52,36,16,69.2,9.2,100.0,Y
CDLSHORTLINE,bull,atr_high,185,128,57,69.2,8.02,100.0,Y
CDLGRAVESTONEDOJI,bear,none,68,47,21,69.1,6.79,100.0,Y
CDLRICKSHAWMAN,bull,rsi_mid_oversold,165,114,51,69.1,8.13,100.0,Y
CDLHARAMI,bear,none,187,129,58,69.0,8.12,100.0,Y
CDLMARUBOZU,bear,trend_down,87,60,27,69.0,8.04,100.0,Y
CDLHIKKAKE,bull,rsi_mid_overbought,193,133,60,68.9,8.66,100.0,Y
CDLSPINNINGTOP,bull,atr_low,470,324,146,68.9,7.17,100.0,Y
CDLSPINNINGTOP,bull,rsi_mid_overbought,251,173,78,68.9,6.98,100.0,Y
CDLHIGHWAVE,bull,none,384,264,120,68.8,7.78,100.0,Y
CDLGRAVESTONEDOJI,bear,rsi_mid_oversold,35,24,11,68.6,8.74,100.0,Y
CDLHIKKAKE,bull,trend_up,210,144,66,68.6,8.67,100.0,Y
CDLRICKSHAWMAN,bull,none,318,218,100,68.6,7.5,100.0,Y
CDLGRAVESTONEDOJI,bear,atr_high,19,13,6,68.4,9.45,100.0,Y
CDLSHORTLINE,bull,none,563,385,178,68.4,7.54,100.0,Y
CDLSPINNINGTOP,bull,trend_up,284,194,90,68.3,7.27,100.0,Y
CDLXSIDEGAP3METHODS,bear,atr_low,22,15,7,68.2,6.99,100.0,Y
CDLRICKSHAWMAN,bull,atr_high,91,62,29,68.1,9.23,100.0,Y
CDLSHOOTINGSTAR,bear,none,47,32,15,68.1,9.44,100.0,Y
CDLSHORTLINE,bull,atr_low,376,256,120,68.1,7.25,100.0,Y
CDLBELTHOLD,bear,trend_up,247,168,79,68.0,8.12,100.0,Y
CDLENGULFING,bear,trend_down,243,165,78,67.9,7.75,100.0,Y
CDLGRAVESTONEDOJI,bear,rsi_mid_overbought,28,19,9,67.9,4.84,100.0,Y
CDLMARUBOZU,bear,atr_high,62,42,20,67.7,9.38,100.0,Y
CDLHARAMI,bear,trend_down,102,69,33,67.6,8.97,100.0,Y
CDLHIGHWAVE,bull,trend_down,219,148,71,67.6,8.12,100.0,Y
CDLSPINNINGTOP,bull,none,663,448,215,67.6,7.74,100.0,Y
CDL3OUTSIDE,bear,trend_down,119,80,39,67.2,8.13,100.0,Y
CDLHIKKAKE,bull,vol_expand,64,43,21,67.2,11.65,100.0,Y
CDLENGULFING,bear,rsi_mid_oversold,224,150,74,67.0,7.71,100.0,Y
CDLSPINNINGTOP,bull,trend_down,379,254,125,67.0,8.09,100.0,Y
CDLBELTHOLD,bear,none,537,359,178,66.9,8.18,100.0,Y
CDLGRAVESTONEDOJI,bear,trend_up,33,22,11,66.7,5.91,100.0,Y
CDLHANGINGMAN,bear,trend_down,12,8,4,66.7,8.9,100.0,Y
CDLINVERTEDHAMMER,bull,none,30,20,10,66.7,8.82,100.0,Y
CDLINVERTEDHAMMER,bull,atr_low,27,18,9,66.7,7.96,100.0,Y
CDLLONGLINE,bear,rsi_oversold,36,24,12,66.7,8.64,100.0,Y
CDLMORNINGSTAR,bull,atr_low,12,8,4,66.7,4.75,100.0,Y
CDLRICKSHAWMAN,bull,rsi_oversold,15,10,5,66.7,8.68,100.0,Y
CDLXSIDEGAP3METHODS,bear,none,39,26,13,66.7,7.18,100.0,Y
CDLRICKSHAWMAN,bull,trend_up,143,95,48,66.4,6.58,100.0,Y
CDLENGULFING,bear,none,419,278,141,66.3,7.99,100.0,Y
CDL3OUTSIDE,bear,none,192,127,65,66.1,8.12,100.0,Y
CDLBELTHOLD,bear,trend_down,289,191,98,66.1,8.21,100.0,Y
CDLHANGINGMAN,bear,none,38,25,13,65.8,9.58,100.0,Y
CDLBELTHOLD,bear,atr_low,344,226,118,65.7,6.96,100.0,Y
CDLHIGHWAVE,bull,atr_high,102,67,35,65.7,8.89,100.0,Y
CDLLONGLINE,bear,atr_high,197,129,68,65.5,9.36,100.0,Y
CDLHANGINGMAN,bear,trend_up,26,17,9,65.4,9.89,100.0,Y
CDL3OUTSIDE,bear,rsi_mid_overbought,66,43,23,65.2,7.25,100.0,Y
CDLLONGLINE,bear,trend_down,327,213,114,65.1,8.32,100.0,Y
CDLSHORTLINE,bull,rsi_mid_overbought,229,149,80,65.1,6.87,100.0,Y
CDLBELTHOLD,bear,rsi_mid_oversold,263,171,92,65.0,7.98,100.0,Y
CDLDRAGONFLYDOJI,bull,rsi_mid_overbought,20,13,7,65.0,5.09,100.0,Y
CDLSPINNINGTOP,bull,atr_high,183,119,64,65.0,8.99,100.0,Y
CDLLONGLINE,bear,rsi_mid_oversold,296,192,104,64.9,8.25,100.0,Y
CDLSHORTLINE,bull,trend_up,253,164,89,64.8,7.14,100.0,Y
CDL3OUTSIDE,bear,vol_expand,17,11,6,64.7,8.63,100.0,Y
CDLXSIDEGAP3METHODS,bear,atr_high,17,11,6,64.7,7.43,100.0,Y
CDLHAMMER,bull,trend_down,62,40,22,64.5,7.57,100.0,Y
CDL3OUTSIDE,bear,rsi_mid_oversold,104,67,37,64.4,8.26,100.0,Y
CDLMORNINGSTAR,bull,none,14,9,5,64.3,5.18,100.0,Y
CDLENGULFING,bear,trend_up,173,111,62,64.2,8.32,100.0,Y
CDLMATCHINGLOW,bull,trend_down,39,25,14,64.1,10.66,100.0,Y
CDLENGULFING,bear,atr_low,268,171,97,63.8,7.35,100.0,Y
CDLLONGLINE,bear,none,603,385,218,63.8,8.09,100.0,Y
CDLHIKKAKE,bull,atr_high,146,93,53,63.7,11.15,100.0,Y
CDLLONGLINE,bear,atr_low,391,249,142,63.7,7.47,100.0,Y
CDLBELTHOLD,bear,rsi_overbought,33,21,12,63.6,8.75,100.0,Y
CDLMATCHINGLOW,bull,rsi_mid_oversold,33,21,12,63.6,11.26,100.0,Y
CDL3OUTSIDE,bear,trend_up,71,45,26,63.4,8.18,100.0,Y
CDLHAMMER,bull,rsi_mid_oversold,56,35,21,62.5,7.83,100.0,Y
CDLSPINNINGTOP,bull,vol_expand,80,50,30,62.5,9.2,100.0,Y
CDLLONGLINE,bear,trend_up,273,170,103,62.3,7.82,100.0,Y
CDL3OUTSIDE,bear,atr_high,74,46,28,62.2,9.17,100.0,Y
CDLBELTHOLD,bear,vol_expand,66,41,25,62.1,12.83,100.0,Y
CDLENGULFING,bear,rsi_mid_overbought,161,100,61,62.1,8.44,100.0,Y
CDLTAKURI,bull,rsi_mid_overbought,21,13,8,61.9,6.82,100.0,Y
CDL3INSIDE,bear,trend_up,13,8,5,61.5,11.0,100.0,Y
CDLHARAMI,bear,atr_high,57,35,22,61.4,8.53,100.0,Y
CDLHANGINGMAN,bear,rsi_mid_overbought,18,11,7,61.1,10.48,100.0,Y
CDLMARUBOZU,bear,vol_expand,18,11,7,61.1,13.16,100.0,Y
CDLLONGLINE,bear,rsi_mid_overbought,238,144,94,60.5,7.73,100.0,Y
CDL3LINESTRIKE,bear,atr_low,10,6,4,60.0,8.91,100.0,Y
CDL3LINESTRIKE,bear,trend_up,10,6,4,60.0,6.93,100.0,Y
CDL3LINESTRIKE,bear,rsi_mid_overbought,10,6,4,60.0,6.93,100.0,Y
CDLHIKKAKE,bull,rsi_overbought,20,12,8,60.0,7.68,100.0,Y
CDLINVERTEDHAMMER,bull,trend_up,10,6,4,60.0,4.69,100.0,Y
CDLHAMMER,bull,atr_low,73,43,30,58.9,6.77,100.0,N
CDLDOJI,bull,rsi_overbought,17,10,7,58.8,10.91,100.0,N
CDLLONGLEGGEDDOJI,bull,rsi_overbought,17,10,7,58.8,10.91,100.0,N
CDLSEPARATINGLINES,bull,atr_low,17,10,7,58.8,5.11,100.0,N
CDLSHOOTINGSTAR,bear,trend_down,17,10,7,58.8,6.88,100.0,N
CDLXSIDEGAP3METHODS,bear,trend_up,17,10,7,58.8,7.05,100.0,N
CDLHAMMER,bull,none,92,54,38,58.7,7.16,100.0,N
CDLSPINNINGTOP,bull,rsi_overbought,29,17,12,58.6,10.72,100.0,N
CDLMATCHINGLOW,bull,atr_high,12,7,5,58.3,10.47,100.0,N
CDLSEPARATINGLINES,bull,rsi_mid_oversold,12,7,5,58.3,10.16,100.0,N
CDLXSIDEGAP3METHODS,bear,rsi_mid_overbought,12,7,5,58.3,6.3,100.0,N
CDLHAMMER,bull,atr_high,19,11,8,57.9,8.65,100.0,N
CDLSHOOTINGSTAR,bear,rsi_mid_oversold,19,11,8,57.9,8.82,100.0,N
CDLSEPARATINGLINES,bull,none,21,12,9,57.1,7.67,100.0,N
CDLSEPARATINGLINES,bull,trend_down,14,8,6,57.1,9.14,100.0,N
CDLSHOOTINGSTAR,bear,atr_high,14,8,6,57.1,12.16,100.0,N
CDLHIGHWAVE,bull,rsi_overbought,16,9,7,56.2,11.06,100.0,N
CDLHIGHWAVE,bull,vol_expand,50,28,22,56.0,8.3,100.0,N
CDL3INSIDE,bear,atr_low,18,10,8,55.6,12.77,100.0,N
CDLENGULFING,bear,vol_expand,45,25,20,55.6,11.25,100.0,N
CDLLONGLINE,bear,vol_expand,62,34,28,54.8,11.99,100.0,N
CDL3INSIDE,bear,rsi_mid_overbought,11,6,5,54.5,11.44,100.0,N
CDLMORNINGSTAR,bull,trend_up,11,6,5,54.5,5.27,100.0,N
CDLRICKSHAWMAN,bull,rsi_overbought,13,7,6,53.8,9.84,100.0,N
CDLHARAMICROSS,bear,atr_high,10,5,5,50.0,6.85,100.0,N
CDLMORNINGSTAR,bull,rsi_mid_overbought,10,5,5,50.0,5.68,100.0,N
CDLHAMMER,bull,rsi_mid_overbought,31,15,16,48.4,6.09,100.0,N
CDLSPINNINGTOP,bull,rsi_oversold,34,16,18,47.1,9.74,100.0,N
CDLHAMMER,bull,trend_up,30,14,16,46.7,6.3,100.0,N
CDLHANGINGMAN,bear,atr_high,11,5,6,45.5,11.11,100.0,N
CDL3INSIDE,bear,none,27,12,15,44.4,14.05,100.0,N
CDLHIGHWAVE,bull,rsi_oversold,21,9,12,42.9,10.23,100.0,N
CDLHARAMI,bear,rsi_oversold,13,5,8,38.5,9.69,100.0,N
CDL3INSIDE,bear,rsi_mid_oversold,12,4,8,33.3,18.31,100.0,N
CDL3INSIDE,bear,trend_down,13,4,9,30.8,17.43,100.0,N
