entry_time,exit_time,month,direction,entry_price,exit_price,pnl,bars,exit_reason,dist_atr_entry,score_entry,factors_entry,regime_entry
2024-01-15 18:00,2024-01-16 13:00,2024-01,BUY,2049.89,2050.96,-0.39,19,reverse_signal,-2.25,3,"KDJ-OS,KC-BOT,LOW-VOL",ranging
2024-01-16 13:00,2024-01-16 17:00,2024-01,SELL,2050.96,2051.84,-0.59,4,reverse_signal,0.23,3,"KDJ-OB,TOP-DIV",ranging
2024-01-16 17:00,2024-01-16 19:00,2024-01,BUY,2051.84,2045.93,-1.09,2,hard_stop,0.43,3,"DIVERG,LOW-VOL",ranging
2024-01-16 20:00,2024-01-17 18:00,2024-01,BUY,2043.91,2050.36,0.15,22,reverse_signal,-2.03,4,"KDJ-OS,DIVERG,LOW-VOL",ranging
2024-01-17 18:00,2024-01-17 21:00,2024-01,SELL,2050.36,2058.24,-1.29,3,hard_stop,0.68,3,"KDJ-OB,TOP-DIV",ranging
2024-01-17 22:00,2024-01-18 17:00,2024-01,SELL,2058.88,2049.02,0.49,19,reverse_signal,3.33,4,"KDJ-OB,KC-TOP,TOP-DIV",ranging
2024-01-18 17:00,2024-01-19 05:00,2024-01,BUY,2049.02,2061.43,0.74,12,reverse_signal,-0.93,4,"KDJ-OS,DIVERG,LOW-VOL",ranging
2024-01-19 05:00,2024-01-19 08:00,2024-01,SELL,2061.43,2061.79,-0.54,3,reverse_signal,3.61,3,"KDJ-OB,KC-TOP,RSI-OB",ranging
2024-01-19 08:00,2024-01-22 09:00,2024-01,BUY,2061.79,2067.09,0.03,25,reverse_signal,2.96,4,"TREND+,DIVERG,LOW-VOL",ranging
2024-01-22 09:00,2024-01-22 17:00,2024-01,SELL,2067.09,2061.36,0.07,8,reverse_signal,1.03,3,"KDJ-OB,TOP-DIV",ranging
2024-01-22 17:00,2024-01-22 19:00,2024-01,BUY,2061.36,2055.0,-1.14,2,hard_stop,-1.19,3,"TREND+,KDJ-OS,LOW-VOL",ranging
2024-01-22 20:00,2024-01-24 19:00,2024-01,BUY,2059.43,2062.99,-0.14,47,reverse_signal,-1.23,7,"TREND+,KDJ-OS,BB-BOT,KC-BOT,DIVERG,LOW-VOL",ranging
2024-01-24 19:00,2024-01-25 01:00,2024-01,SELL,2062.99,2063.95,-0.6,6,reverse_signal,0.07,3,"KDJ-OB,TOP-DIV",ranging
2024-01-25 01:00,2024-01-25 22:00,2024-01,BUY,2063.95,2062.77,-0.62,21,reverse_signal,0.36,4,"TREND+,DIVERG,LOW-VOL",ranging
2024-01-25 22:00,2024-01-26 01:00,2024-01,SELL,2062.77,2063.23,-0.55,3,reverse_signal,0.1,3,"KDJ-OB,TOP-DIV",ranging
2024-01-26 01:00,2024-01-26 16:00,2024-01,BUY,2063.23,2057.49,-1.07,15,hard_stop,0.39,4,"TREND+,DIVERG,LOW-VOL",ranging
2024-01-26 17:00,2024-01-27 04:00,2024-01,BUY,2054.23,2063.53,0.43,11,reverse_signal,-3.91,7,"KDJ-OS,BB-BOT,KC-BOT,DIVERG,RSI-OS,LOW-VOL",ranging
2024-01-27 04:00,2024-01-27 05:00,2024-01,SELL,2063.53,2065.53,-0.7,1,reverse_signal,0.54,3,"KDJ-OB,TOP-DIV",ranging
2024-01-27 05:00,2024-01-29 16:00,2024-01,BUY,2065.53,2065.44,-0.51,11,reverse_signal,1.24,4,"TREND+,DIVERG,LOW-VOL",ranging
2024-01-29 16:00,2024-01-29 21:00,2024-01,SELL,2065.44,2069.42,-0.9,5,reverse_signal,1.11,3,"KDJ-OB,TOP-DIV",ranging
2024-01-29 21:00,2024-01-30 01:00,2024-01,BUY,2069.42,2063.74,-1.07,4,hard_stop,1.91,4,"TREND+,DIVERG,LOW-VOL",ranging
2024-01-30 02:00,2024-01-31 14:00,2024-01,BUY,2060.81,2053.95,-1.19,36,hard_stop,-1.6,4,"KDJ-OS,DIVERG,LOW-VOL",ranging
2024-01-31 15:00,2024-01-31 23:00,2024-01,BUY,2055.03,2049.93,-1.01,8,hard_stop,-2.45,4,"KDJ-OS,BB-BOT,KC-BOT,LOW-VOL",ranging
2024-02-01 00:00,2024-02-02 08:00,2024-02,BUY,2051.61,2055.86,-0.08,32,reverse_signal,-2.06,5,"KDJ-OS,KC-BOT,DIVERG,LOW-VOL",ranging
2024-02-02 08:00,2024-02-02 10:00,2024-02,SELL,2055.86,2054.21,-0.33,2,reverse_signal,1.59,3,"KDJ-OB,TOP-DIV",ranging
2024-02-02 10:00,2024-02-02 23:00,2024-02,BUY,2054.21,2057.57,-0.16,13,reverse_signal,0.7,3,"DIVERG,LOW-VOL",ranging
2024-02-02 23:00,2024-02-03 07:00,2024-02,SELL,2057.57,2054.3,-0.17,8,reverse_signal,0.58,3,"KDJ-OB,TOP-DIV",ranging
2024-02-03 07:00,2024-02-05 10:00,2024-02,BUY,2054.3,2048.87,-1.04,3,hard_stop,-0.51,4,"KDJ-OS,DIVERG,LOW-VOL",ranging
2024-02-05 11:00,2024-02-05 13:00,2024-02,BUY,2045.33,2038.61,-1.17,2,hard_stop,-3.65,7,"KDJ-OS,BB-BOT,KC-BOT,DIVERG,RSI-OS,LOW-VOL",ranging
2024-02-05 14:00,2024-02-06 17:00,2024-02,BUY,2038.75,2032.12,-1.16,27,hard_stop,-4.9,6,"KDJ-OS,KC-BOT,DIVERG,RSI-OS,LOW-VOL",ranging
2024-02-06 18:00,2024-02-06 22:00,2024-02,BUY,2032.34,2027.54,-0.98,4,hard_stop,-2.71,3,"KDJ-OS,KC-BOT,LOW-VOL",ranging
2024-02-06 23:00,2024-02-08 03:00,2024-02,BUY,2025.63,2031.45,0.08,28,reverse_signal,-3.84,4,"KDJ-OS,KC-BOT,RSI-OS,LOW-VOL",ranging
2024-02-08 03:00,2024-02-08 07:00,2024-02,SELL,2031.45,2026.75,-0.03,4,reverse_signal,-0.3,3,"KDJ-OB,TOP-DIV",ranging
2024-02-08 07:00,2024-02-08 13:00,2024-02,BUY,2026.75,2029.68,-0.21,6,reverse_signal,-1.76,3,"KDJ-OS,BB-BOT,LOW-VOL",ranging
2024-02-08 13:00,2024-02-08 14:00,2024-02,SELL,2029.68,2030.38,-0.57,1,reverse_signal,-0.52,3,"KDJ-OB,TOP-DIV",ranging
2024-02-08 14:00,2024-02-09 17:00,2024-02,BUY,2030.38,2046.02,1.06,27,reverse_signal,-0.22,3,"DIVERG,LOW-VOL",ranging
2024-02-09 17:00,2024-02-10 05:00,2024-02,SELL,2046.02,2038.91,0.21,12,reverse_signal,2.96,3,"KDJ-OB,KC-TOP,RSI-OB",ranging
2024-02-10 05:00,2024-02-13 20:00,2024-02,BUY,2038.91,2050.97,0.71,39,reverse_signal,-0.34,4,"KDJ-OS,DIVERG,LOW-VOL",ranging
2024-02-13 20:00,2024-02-14 04:00,2024-02,SELL,2050.97,2049.57,-0.36,8,reverse_signal,1.9,3,"KDJ-OB,TOP-DIV",ranging
2024-02-14 04:00,2024-02-14 06:00,2024-02,BUY,2049.57,2044.1,-1.05,2,hard_stop,0.72,4,"TREND+,DIVERG,LOW-VOL",ranging
2024-02-14 07:00,2024-02-14 17:00,2024-02,BUY,2040.12,2034.37,-1.08,10,hard_stop,-2.74,6,"KDJ-OS,BB-BOT,KC-BOT,DIVERG,LOW-VOL",ranging
2024-02-14 18:00,2024-02-16 03:00,2024-02,BUY,2033.61,2040.56,0.2,33,reverse_signal,-3.1,5,"KDJ-OS,KC-BOT,DIVERG,LOW-VOL",ranging
2024-02-16 03:00,2024-02-16 16:00,2024-02,SELL,2040.56,2034.08,0.15,13,reverse_signal,0.56,3,"KDJ-OB,TOP-DIV",ranging
2024-02-16 16:00,2024-02-19 13:00,2024-02,BUY,2034.08,2043.65,0.46,21,reverse_signal,-1.09,4,"KDJ-OS,DIVERG,LOW-VOL",ranging
2024-02-19 13:00,2024-02-19 15:00,2024-02,SELL,2043.65,2040.02,-0.14,2,reverse_signal,0.32,4,"KDJ-OB,KC-TOP,TOP-DIV",ranging
2024-02-19 15:00,2024-02-19 19:00,2024-02,BUY,2040.02,2033.34,-1.17,4,hard_stop,-1.0,3,"TREND+,KDJ-OS,LOW-VOL",ranging
2024-02-19 20:00,2024-02-20 14:00,2024-02,BUY,2036.2,2052.01,1.08,18,reverse_signal,-1.44,3,"KDJ-OS,KC-BOT,LOW-VOL",ranging
2024-02-20 14:00,2024-02-20 15:00,2024-02,SELL,2052.01,2053.48,-0.65,1,reverse_signal,1.46,3,"KDJ-OB,TOP-DIV",ranging
2024-02-20 15:00,2024-02-20 18:00,2024-02,BUY,2053.48,2054.12,-0.44,3,reverse_signal,1.77,4,"TREND+,DIVERG,LOW-VOL",ranging
2024-02-20 18:00,2024-02-20 23:00,2024-02,SELL,2054.12,2051.14,-0.2,5,reverse_signal,1.65,3,"KDJ-OB,TOP-DIV",ranging
2024-02-20 23:00,2024-02-22 13:00,2024-02,BUY,2051.14,2080.24,2.41,38,reverse_signal,0.18,3,"TREND+,KDJ-OS,LOW-VOL",ranging
2024-02-22 13:00,2024-02-22 19:00,2024-02,SELL,2080.24,2075.84,-0.06,6,reverse_signal,5.09,3,"KDJ-OB,KC-TOP,RSI-OB",ranging
2024-02-22 19:00,2024-02-23 03:00,2024-02,BUY,2075.84,2075.35,-0.55,8,reverse_signal,1.81,3,"TREND+,KDJ-OS,LOW-VOL",ranging
2024-02-23 03:00,2024-02-23 04:00,2024-02,SELL,2075.35,2077.17,-0.68,1,reverse_signal,0.9,3,"KDJ-OB,TOP-DIV",ranging
2024-02-23 04:00,2024-02-27 08:00,2024-02,BUY,2077.17,2079.99,-0.22,52,reverse_signal,1.48,4,"TREND+,DIVERG,LOW-VOL",ranging
2024-02-27 08:00,2024-02-27 09:00,2024-02,SELL,2079.99,2083.66,-0.87,1,reverse_signal,0.37,3,"KDJ-OB,TOP-DIV",ranging
2024-02-27 09:00,2024-02-28 05:00,2024-02,BUY,2083.66,2087.11,-0.15,20,reverse_signal,1.52,4,"TREND+,DIVERG,LOW-VOL",ranging
2024-02-28 05:00,2024-02-28 08:00,2024-02,SELL,2087.11,2081.5,0.06,3,reverse_signal,0.15,3,"KDJ-OB,TOP-DIV",ranging
2024-02-28 08:00,2024-02-28 11:00,2024-02,BUY,2081.5,2073.34,-1.32,3,hard_stop,-1.54,3,"TREND+,KDJ-OS,LOW-VOL",ranging
2024-02-28 12:00,2024-02-29 22:00,2024-02,BUY,2073.61,2093.43,1.48,34,reverse_signal,-3.12,4,"TREND+,KDJ-OS,KC-BOT,LOW-VOL",ranging
2024-02-29 22:00,2024-02-29 23:00,2024-02,SELL,2093.43,2094.95,-0.65,1,reverse_signal,2.05,3,"KDJ-OB,TOP-DIV",ranging
2024-02-29 23:00,2024-03-01 03:00,2024-02,BUY,2094.95,2098.95,-0.1,4,reverse_signal,2.43,4,"TREND+,DIVERG,LOW-VOL",ranging
2024-03-01 03:00,2024-03-01 16:00,2024-03,SELL,2098.95,2104.2,-1.02,13,hard_stop,3.17,5,"KDJ-OB,KC-TOP,TOP-DIV,RSI-OB",ranging
2024-03-01 17:00,2024-03-01 19:00,2024-03,SELL,2103.64,2103.2,-0.46,2,reverse_signal,2.51,4,"KDJ-OB,KC-TOP,TOP-DIV",ranging
2024-03-01 19:00,2024-03-02 01:00,2024-03,BUY,2103.2,2097.58,-1.06,6,hard_stop,1.98,4,"TREND+,DIVERG,LOW-VOL",ranging
2024-03-02 02:00,2024-03-04 09:00,2024-03,BUY,2095.7,2091.04,-0.97,7,hard_stop,-1.62,6,"TREND+,KDJ-OS,BB-BOT,DIVERG,LOW-VOL",ranging
2024-03-04 10:00,2024-03-04 17:00,2024-03,BUY,2089.92,2085.06,-0.99,7,hard_stop,-2.46,4,"TREND+,KDJ-OS,KC-BOT,LOW-VOL",ranging
2024-03-04 18:00,2024-03-05 10:00,2024-03,BUY,2084.13,2079.99,-0.91,16,hard_stop,-2.87,6,"TREND+,KDJ-OS,KC-BOT,DIVERG,LOW-VOL",ranging
2024-03-05 11:00,2024-03-06 04:00,2024-03,BUY,2079.57,2072.37,-1.22,17,hard_stop,-2.19,4,"KDJ-OS,DIVERG,LOW-VOL",ranging
2024-03-06 07:00,2024-03-06 14:00,2024-03,BUY,2076.87,2070.76,-1.11,7,hard_stop,-0.5,4,"KDJ-OS,DIVERG,LOW-VOL",ranging
2024-03-06 15:00,2024-03-07 14:00,2024-03,BUY,2067.81,2062.75,-1.01,23,hard_stop,-2.57,3,"KDJ-OS,KC-BOT,LOW-VOL",ranging
2024-03-07 19:00,2024-03-07 22:00,2024-03,BUY,2059.78,2053.98,-1.08,3,hard_stop,-2.59,3,"KDJ-OS,KC-BOT,LOW-VOL",ranging
2024-03-07 23:00,2024-03-11 08:00,2024-03,BUY,2054.2,2064.87,0.57,33,reverse_signal,-3.52,4,"KDJ-OS,KC-BOT,RSI-OS,LOW-VOL",ranging
2024-03-11 08:00,2024-03-11 10:00,2024-03,SELL,2064.87,2066.71,-0.68,2,reverse_signal,0.71,3,"KDJ-OB,TOP-DIV",ranging
2024-03-11 10:00,2024-03-11 21:00,2024-03,BUY,2066.71,2056.9,-1.48,11,hard_stop,1.35,3,"DIVERG,LOW-VOL",ranging
2024-03-11 22:00,2024-03-12 06:00,2024-03,BUY,2057.25,2052.86,-0.94,8,hard_stop,-2.44,6,"KDJ-OS,BB-BOT,KC-BOT,DIVERG,LOW-VOL",ranging
2024-03-12 07:00,2024-03-13 19:00,2024-03,BUY,2054.16,2057.57,-0.16,36,reverse_signal,-1.91,4,"KDJ-OS,DIVERG,LOW-VOL",ranging
2024-03-13 19:00,2024-03-14 00:00,2024-03,SELL,2057.57,2061.73,-0.92,5,reverse_signal,0.27,3,"KDJ-OB,TOP-DIV",ranging
2024-03-14 00:00,2024-03-14 20:00,2024-03,BUY,2061.73,2056.17,-1.06,20,hard_stop,1.6,3,"DIVERG,LOW-VOL",ranging
2024-03-15 01:00,2024-03-18 16:00,2024-03,BUY,2058.32,2072.86,0.95,39,reverse_signal,-0.28,4,"KDJ-OS,DIVERG,LOW-VOL",ranging
2024-03-18 16:00,2024-03-18 17:00,2024-03,SELL,2072.86,2075.82,-0.8,1,reverse_signal,1.26,3,"KC-TOP,TOP-DIV",ranging
2024-03-18 17:00,2024-03-19 11:00,2024-03,BUY,2075.82,2087.63,0.68,18,reverse_signal,2.14,4,"TREND+,DIVERG,LOW-VOL",ranging
2024-03-19 11:00,2024-03-19 16:00,2024-03,SELL,2087.63,2093.44,-1.08,5,hard_stop,1.28,4,"KDJ-OB,KC-TOP,TOP-DIV",ranging
2024-03-19 17:00,2024-03-19 21:00,2024-03,SELL,2091.37,2087.74,-0.14,4,reverse_signal,1.61,3,"KDJ-OB,TOP-DIV",ranging
2024-03-19 21:00,2024-03-21 00:00,2024-03,BUY,2087.74,2094.64,0.19,27,reverse_signal,0.05,3,"TREND+,KDJ-OS,LOW-VOL",ranging
2024-03-21 00:00,2024-03-21 01:00,2024-03,SELL,2094.64,2096.58,-0.69,1,reverse_signal,0.67,3,"KDJ-OB,TOP-DIV",ranging
2024-03-21 01:00,2024-03-21 08:00,2024-03,BUY,2096.58,2089.48,-1.21,7,hard_stop,1.25,4,"TREND+,DIVERG,LOW-VOL",ranging
2024-03-21 09:00,2024-03-21 20:00,2024-03,BUY,2090.9,2085.82,-1.01,11,hard_stop,-0.81,5,"TREND+,KDJ-OS,DIVERG,LOW-VOL",ranging
2024-03-21 21:00,2024-03-23 04:00,2024-03,BUY,2081.92,2091.72,0.48,31,reverse_signal,-3.07,7,"TREND+,KDJ-OS,BB-BOT,KC-BOT,DIVERG,LOW-VOL",ranging
2024-03-23 04:00,2024-03-25 10:00,2024-03,SELL,2091.72,2092.05,-0.53,6,reverse_signal,0.92,3,"KDJ-OB,TOP-DIV",ranging
2024-03-25 10:00,2024-03-27 03:00,2024-03,BUY,2092.05,2086.24,-1.08,41,hard_stop,0.82,4,"TREND+,DIVERG,LOW-VOL",ranging
2024-03-27 04:00,2024-03-28 00:00,2024-03,BUY,2084.66,2077.84,-1.18,20,hard_stop,-3.58,6,"KDJ-OS,KC-BOT,DIVERG,RSI-OS,LOW-VOL",ranging
2024-03-28 01:00,2024-03-29 09:00,2024-03,BUY,2074.27,2082.42,0.32,32,reverse_signal,-3.87,7,"KDJ-OS,BB-BOT,KC-BOT,DIVERG,RSI-OS,LOW-VOL",ranging
2024-03-29 09:00,2024-03-29 13:00,2024-03,SELL,2082.42,2087.64,-1.02,4,hard_stop,0.51,3,"KDJ-OB,TOP-DIV",ranging
2024-03-29 23:00,2024-03-30 05:00,2024-03,BUY,2086.98,2086.16,-0.58,6,reverse_signal,1.27,4,"KDJ-OS,DIVERG,LOW-VOL",ranging
2024-03-30 05:00,2024-04-01 08:00,2024-03,SELL,2086.16,2087.52,-0.64,3,reverse_signal,0.51,3,"KDJ-OB,TOP-DIV",ranging
2024-04-01 08:00,2024-04-01 11:00,2024-04,BUY,2087.52,2081.82,-1.07,3,hard_stop,1.03,3,"DIVERG,LOW-VOL",ranging
2024-04-01 12:00,2024-04-01 14:00,2024-04,BUY,2080.95,2076.04,-0.99,2,hard_stop,-1.64,4,"KDJ-OS,DIVERG,LOW-VOL",ranging
2024-04-01 15:00,2024-04-01 21:00,2024-04,BUY,2075.46,2081.96,0.15,6,reverse_signal,-3.24,6,"KDJ-OS,BB-BOT,KC-BOT,DIVERG,LOW-VOL",ranging
2024-04-01 21:00,2024-04-02 11:00,2024-04,SELL,2081.96,2088.36,-1.14,14,hard_stop,0.25,3,"KDJ-OB,TOP-DIV",ranging
2024-04-03 00:00,2024-04-03 05:00,2024-04,BUY,2098.23,2098.6,-0.46,5,reverse_signal,2.87,4,"TREND+,DIVERG,LOW-VOL",ranging
2024-04-03 05:00,2024-04-03 13:00,2024-04,SELL,2098.6,2107.41,-1.38,8,hard_stop,2.25,3,"KDJ-OB,TOP-DIV",ranging
2024-04-03 14:00,2024-04-03 17:00,2024-04,SELL,2109.78,2110.85,-0.61,3,reverse_signal,4.19,5,"KDJ-OB,KC-TOP,TOP-DIV,RSI-OB",ranging
2024-04-03 17:00,2024-04-03 21:00,2024-04,BUY,2110.85,2114.91,-0.09,4,reverse_signal,3.67,4,"TREND+,DIVERG,LOW-VOL",ranging
2024-04-03 21:00,2024-04-04 07:00,2024-04,SELL,2114.91,2109.69,0.02,10,reverse_signal,4.06,5,"KDJ-OB,KC-TOP,TOP-DIV,RSI-OB",ranging
2024-04-04 07:00,2024-04-04 16:00,2024-04,BUY,2109.69,2103.61,-1.11,9,hard_stop,0.07,3,"TREND+,KDJ-OS,LOW-VOL",ranging
2024-04-04 17:00,2024-04-05 10:00,2024-04,BUY,2102.66,2095.96,-1.17,17,hard_stop,-2.28,5,"TREND+,KDJ-OS,BB-BOT,KC-BOT,LOW-VOL",ranging
2024-04-05 11:00,2024-04-05 12:00,2024-04,BUY,2096.6,2091.36,-1.02,1,hard_stop,-2.37,4,"TREND+,KDJ-OS,KC-BOT,LOW-VOL",ranging
2024-04-05 13:00,2024-04-08 17:00,2024-04,BUY,2090.86,2100.63,0.48,28,reverse_signal,-3.82,4,"KDJ-OS,KC-BOT,RSI-OS,LOW-VOL",ranging
2024-04-08 17:00,2024-04-08 22:00,2024-04,SELL,2100.63,2095.21,0.04,5,reverse_signal,1.11,3,"KDJ-OB,TOP-DIV",ranging
2024-04-08 22:00,2024-04-09 13:00,2024-04,BUY,2095.21,2106.17,0.6,15,reverse_signal,-1.15,3,"TREND+,KDJ-OS,LOW-VOL",ranging
2024-04-09 13:00,2024-04-09 16:00,2024-04,SELL,2106.17,2105.86,-0.47,3,reverse_signal,2.24,4,"KDJ-OB,KC-TOP,TOP-DIV",ranging
2024-04-09 16:00,2024-04-12 15:00,2024-04,BUY,2105.86,2100.45,-1.04,71,hard_stop,1.66,4,"TREND+,DIVERG,LOW-VOL",ranging
2024-04-12 16:00,2024-04-13 01:00,2024-04,BUY,2098.99,2094.29,-0.97,9,hard_stop,-3.92,4,"KDJ-OS,KC-BOT,RSI-OS,LOW-VOL",ranging
2024-04-13 02:00,2024-04-15 20:00,2024-04,BUY,2095.07,2089.45,-1.06,18,hard_stop,-2.73,4,"KDJ-OS,KC-BOT,RSI-OS,LOW-VOL",ranging
2024-04-15 21:00,2024-04-16 02:00,2024-04,BUY,2088.28,2082.72,-1.06,5,hard_stop,-2.18,4,"KDJ-OS,DIVERG,LOW-VOL",ranging
2024-04-16 03:00,2024-04-17 21:00,2024-04,BUY,2082.79,2095.44,0.77,42,reverse_signal,-2.99,4,"KDJ-OS,KC-BOT,RSI-OS,LOW-VOL",ranging
2024-04-17 21:00,2024-04-17 23:00,2024-04,SELL,2095.44,2103.92,-1.35,2,hard_stop,1.61,3,"KDJ-OB,TOP-DIV",ranging
2024-04-18 00:00,2024-04-18 03:00,2024-04,SELL,2101.1,2102.83,-0.67,3,reverse_signal,2.59,4,"KDJ-OB,KC-TOP,TOP-DIV",ranging
2024-04-18 03:00,2024-04-18 16:00,2024-04,BUY,2102.83,2107.4,-0.04,13,reverse_signal,2.58,4,"TREND+,DIVERG,LOW-VOL",ranging
2024-04-18 16:00,2024-04-19 00:00,2024-04,SELL,2107.4,2103.04,-0.06,8,reverse_signal,1.94,3,"KDJ-OB,TOP-DIV",ranging
2024-04-19 00:00,2024-04-20 00:00,2024-04,BUY,2103.04,2120.36,1.23,24,reverse_signal,-0.39,3,"TREND+,KDJ-OS,LOW-VOL",ranging
2024-04-20 00:00,2024-04-20 04:00,2024-04,SELL,2120.36,2126.68,-1.13,4,hard_stop,2.61,4,"KDJ-OB,KC-TOP,TOP-DIV",ranging
2024-04-20 05:00,2024-04-20 07:00,2024-04,SELL,2126.99,2130.13,-0.81,2,reverse_signal,3.79,5,"KDJ-OB,KC-TOP,TOP-DIV,RSI-OB",ranging
2024-04-20 07:00,2024-04-22 15:00,2024-04,BUY,2130.13,2136.02,0.09,8,reverse_signal,4.24,4,"TREND+,DIVERG,LOW-VOL",ranging
2024-04-22 15:00,2024-04-23 01:00,2024-04,SELL,2136.02,2129.64,0.14,10,reverse_signal,4.11,3,"KDJ-OB,KC-TOP,RSI-OB",ranging
2024-04-23 01:00,2024-04-24 15:00,2024-04,BUY,2129.64,2160.41,2.58,38,reverse_signal,-0.73,3,"TREND+,KDJ-OS,LOW-VOL",ranging
2024-04-24 15:00,2024-04-24 21:00,2024-04,SELL,2160.41,2152.12,0.33,6,reverse_signal,3.47,3,"KDJ-OB,KC-TOP,RSI-OB",ranging
2024-04-24 21:00,2024-04-25 07:00,2024-04,BUY,2152.12,2157.14,0.0,10,reverse_signal,-0.37,3,"TREND+,KDJ-OS,LOW-VOL",ranging
2024-04-25 07:00,2024-04-25 09:00,2024-04,SELL,2157.14,2159.61,-0.75,2,reverse_signal,0.76,3,"KDJ-OB,TOP-DIV",ranging
2024-04-25 09:00,2024-04-26 08:00,2024-04,BUY,2159.61,2151.12,-1.35,23,hard_stop,1.46,4,"TREND+,DIVERG,LOW-VOL",ranging
2024-04-26 09:00,2024-04-27 00:00,2024-04,BUY,2148.88,2142.76,-1.11,15,hard_stop,-3.6,4,"TREND+,KDJ-OS,KC-BOT,LOW-VOL",ranging
2024-04-27 01:00,2024-04-27 03:00,2024-04,BUY,2143.45,2137.07,-1.14,2,hard_stop,-2.75,6,"TREND+,KDJ-OS,KC-BOT,DIVERG,LOW-VOL",ranging
2024-04-27 04:00,2024-04-29 08:00,2024-04,BUY,2141.17,2148.83,0.27,4,reverse_signal,-2.33,4,"TREND+,KDJ-OS,KC-BOT,LOW-VOL",ranging
2024-04-29 08:00,2024-04-29 13:00,2024-04,SELL,2148.83,2146.31,-0.25,5,reverse_signal,0.5,3,"KDJ-OB,TOP-DIV",ranging
2024-04-29 13:00,2024-04-29 16:00,2024-04,BUY,2146.31,2148.82,-0.25,3,reverse_signal,-0.25,4,"TREND+,DIVERG,LOW-VOL",ranging
2024-04-29 16:00,2024-04-29 20:00,2024-04,SELL,2148.82,2142.79,0.1,4,reverse_signal,0.68,3,"KDJ-OB,TOP-DIV",ranging
2024-04-29 20:00,2024-04-30 05:00,2024-04,BUY,2142.79,2136.26,-1.15,9,hard_stop,-1.32,3,"TREND+,KDJ-OS,LOW-VOL",ranging
2024-04-30 06:00,2024-04-30 10:00,2024-04,BUY,2135.31,2145.66,0.53,4,reverse_signal,-2.53,3,"KDJ-OS,KC-BOT,LOW-VOL",ranging
2024-04-30 10:00,2024-04-30 17:00,2024-04,SELL,2145.66,2137.71,0.29,7,reverse_signal,1.33,3,"KDJ-OB,TOP-DIV",ranging
2024-04-30 17:00,2024-05-01 11:00,2024-04,BUY,2137.71,2131.9,-1.08,18,hard_stop,-1.01,4,"KDJ-OS,DIVERG,LOW-VOL",ranging
2024-05-01 12:00,2024-05-02 16:00,2024-05,BUY,2129.31,2124.01,-1.03,28,hard_stop,-3.34,5,"KDJ-OS,KC-BOT,DIVERG,LOW-VOL",ranging
2024-05-02 20:00,2024-05-02 22:00,2024-05,BUY,2126.63,2117.02,-1.46,2,hard_stop,-0.96,4,"KDJ-OS,DIVERG,LOW-VOL",ranging
2024-05-02 23:00,2024-05-03 08:00,2024-05,BUY,2118.52,2112.6,-1.09,9,hard_stop,-2.86,5,"KDJ-OS,KC-BOT,DIVERG,LOW-VOL",ranging
2024-05-03 09:00,2024-05-03 17:00,2024-05,BUY,2112.19,2115.86,-0.13,8,reverse_signal,-2.99,4,"KDJ-OS,KC-BOT,RSI-OS,LOW-VOL",ranging
2024-05-03 17:00,2024-05-03 23:00,2024-05,SELL,2115.86,2115.88,-0.5,6,reverse_signal,-0.4,3,"KDJ-OB,TOP-DIV",ranging
2024-05-03 23:00,2024-05-06 08:00,2024-05,BUY,2115.88,2122.59,0.17,9,reverse_signal,-0.22,3,"DIVERG,LOW-VOL",ranging
2024-05-06 08:00,2024-05-07 03:00,2024-05,SELL,2122.59,2109.01,0.86,19,reverse_signal,1.51,3,"KDJ-OB,TOP-DIV",ranging
2024-05-07 03:00,2024-05-07 13:00,2024-05,BUY,2109.01,2107.7,-0.63,10,reverse_signal,-2.57,3,"KDJ-OS,KC-BOT,LOW-VOL",ranging
2024-05-07 13:00,2024-05-07 15:00,2024-05,SELL,2107.7,2107.47,-0.48,2,reverse_signal,-1.12,3,"KDJ-OB,TOP-DIV",ranging
2024-05-07 15:00,2024-05-08 17:00,2024-05,BUY,2107.47,2100.43,-1.2,26,hard_stop,-0.74,4,"KC-BOT,DIVERG,LOW-VOL",ranging
2024-05-08 18:00,2024-05-09 10:00,2024-05,BUY,2096.54,2106.9,0.54,16,reverse_signal,-2.91,6,"KDJ-OS,BB-BOT,KC-BOT,DIVERG,LOW-VOL",ranging
2024-05-09 10:00,2024-05-09 13:00,2024-05,SELL,2106.9,2113.18,-1.13,3,hard_stop,1.41,3,"KDJ-OB,TOP-DIV",ranging
2024-05-09 14:00,2024-05-10 00:00,2024-05,SELL,2114.68,2108.41,0.13,10,reverse_signal,3.19,4,"KDJ-OB,KC-TOP,TOP-DIV",ranging
2024-05-10 00:00,2024-05-10 08:00,2024-05,BUY,2108.41,2102.71,-1.07,8,hard_stop,0.96,4,"KDJ-OS,DIVERG,LOW-VOL",ranging
2024-05-10 09:00,2024-05-15 07:00,2024-05,BUY,2102.85,2108.73,0.09,70,reverse_signal,-0.74,4,"KDJ-OS,DIVERG,LOW-VOL",ranging
2024-05-15 07:00,2024-05-15 11:00,2024-05,SELL,2108.73,2108.84,-0.51,4,reverse_signal,0.4,3,"KDJ-OB,TOP-DIV",ranging
2024-05-15 11:00,2024-05-15 21:00,2024-05,BUY,2108.84,2103.52,-1.03,10,hard_stop,0.43,3,"DIVERG,LOW-VOL",ranging
2024-05-15 22:00,2024-05-16 17:00,2024-05,BUY,2104.7,2114.96,0.53,19,reverse_signal,-1.01,3,"KDJ-OS,BB-BOT,LOW-VOL",ranging
2024-05-16 17:00,2024-05-16 19:00,2024-05,SELL,2114.96,2115.57,-0.56,2,reverse_signal,1.49,3,"KDJ-OB,TOP-DIV",ranging
2024-05-16 19:00,2024-05-16 22:00,2024-05,BUY,2115.57,2118.36,-0.22,3,reverse_signal,1.45,4,"TREND+,DIVERG,LOW-VOL",ranging
2024-05-16 22:00,2024-05-17 05:00,2024-05,SELL,2118.36,2109.85,0.35,7,reverse_signal,2.14,3,"KDJ-OB,TOP-DIV",ranging
2024-05-17 05:00,2024-05-20 15:00,2024-05,BUY,2109.85,2104.39,-1.05,34,hard_stop,-1.62,3,"TREND+,KDJ-OS,LOW-VOL",ranging
2024-05-20 23:00,2024-05-21 02:00,2024-05,BUY,2113.75,2107.37,-1.14,3,hard_stop,1.37,4,"TREND+,DIVERG,LOW-VOL",ranging
2024-05-21 03:00,2024-05-22 04:00,2024-05,BUY,2107.44,2128.93,1.65,25,reverse_signal,-0.7,4,"KDJ-OS,DIVERG,LOW-VOL",ranging
2024-05-22 04:00,2024-05-22 09:00,2024-05,SELL,2128.93,2122.7,0.12,5,reverse_signal,3.4,3,"KDJ-OB,KC-TOP,RSI-OB",ranging
2024-05-22 09:00,2024-05-22 15:00,2024-05,BUY,2122.7,2114.67,-1.3,6,hard_stop,0.29,3,"TREND+,KDJ-OS,LOW-VOL",ranging
2024-05-22 16:00,2024-05-23 08:00,2024-05,BUY,2117.25,2123.75,0.15,16,reverse_signal,-1.21,3,"TREND+,KDJ-OS,LOW-VOL",ranging
2024-05-23 08:00,2024-05-23 10:00,2024-05,SELL,2123.75,2123.7,-0.49,2,reverse_signal,0.87,3,"KDJ-OB,TOP-DIV",ranging
2024-05-23 10:00,2024-05-23 12:00,2024-05,BUY,2123.7,2123.85,-0.48,2,reverse_signal,0.76,4,"TREND+,DIVERG,LOW-VOL",ranging
2024-05-23 12:00,2024-05-23 17:00,2024-05,SELL,2123.85,2129.44,-1.06,5,hard_stop,0.73,3,"KDJ-OB,TOP-DIV",ranging
2024-05-23 18:00,2024-05-23 22:00,2024-05,SELL,2130.09,2132.45,-0.74,4,reverse_signal,2.42,4,"KDJ-OB,KC-TOP,TOP-DIV",ranging
2024-05-23 22:00,2024-05-24 00:00,2024-05,BUY,2132.45,2126.35,-1.11,2,hard_stop,2.73,4,"TREND+,DIVERG,LOW-VOL",ranging
2024-05-24 01:00,2024-05-24 11:00,2024-05,BUY,2126.12,2129.72,-0.14,10,reverse_signal,-0.27,5,"TREND+,KDJ-OS,DIVERG,LOW-VOL",ranging
2024-05-24 11:00,2024-05-24 13:00,2024-05,SELL,2129.72,2134.95,-1.02,2,hard_stop,1.73,3,"KDJ-OB,TOP-DIV",ranging
2024-05-24 14:00,2024-05-24 18:00,2024-05,SELL,2138.59,2141.82,-0.82,4,reverse_signal,4.13,3,"KDJ-OB,KC-TOP,RSI-OB",ranging
2024-05-24 18:00,2024-05-27 12:00,2024-05,BUY,2141.82,2150.35,0.35,18,reverse_signal,3.79,4,"TREND+,DIVERG,LOW-VOL",ranging
2024-05-27 12:00,2024-05-27 16:00,2024-05,SELL,2150.35,2152.84,-0.75,4,reverse_signal,3.52,3,"KDJ-OB,KC-TOP,RSI-OB",ranging
2024-05-27 16:00,2024-05-27 21:00,2024-05,BUY,2152.84,2153.44,-0.44,5,reverse_signal,3.05,4,"TREND+,DIVERG,LOW-VOL",ranging
2024-05-27 21:00,2024-05-28 02:00,2024-05,SELL,2153.44,2160.45,-1.2,5,hard_stop,2.35,3,"KC-TOP,TOP-DIV",ranging
2024-05-28 03:00,2024-05-28 06:00,2024-05,SELL,2162.52,2168.69,-1.12,3,hard_stop,3.78,5,"KDJ-OB,KC-TOP,TOP-DIV,RSI-OB",ranging
2024-05-28 07:00,2024-05-28 13:00,2024-05,SELL,2165.87,2155.95,0.49,6,reverse_signal,3.23,3,"KDJ-OB,KC-TOP,RSI-OB",ranging
2024-05-28 13:00,2024-05-30 04:00,2024-05,BUY,2155.95,2158.57,-0.24,39,reverse_signal,-0.8,3,"TREND+,KDJ-OS,LOW-VOL",ranging
2024-05-30 04:00,2024-05-30 08:00,2024-05,SELL,2158.57,2164.65,-1.11,4,hard_stop,0.35,3,"KDJ-OB,TOP-DIV",ranging
2024-05-30 14:00,2024-06-03 17:00,2024-05,BUY,2158.65,2152.51,-1.11,51,hard_stop,-0.59,3,"TREND+,KDJ-OS,LOW-VOL",ranging
2024-06-03 18:00,2024-06-05 00:00,2024-06,BUY,2150.25,2158.27,0.3,30,reverse_signal,-2.94,7,"TREND+,KDJ-OS,BB-BOT,KC-BOT,DIVERG,LOW-VOL",ranging
2024-06-05 00:00,2024-06-05 02:00,2024-06,SELL,2158.27,2154.78,-0.15,2,reverse_signal,-0.11,3,"KDJ-OB,TOP-DIV",ranging
2024-06-05 02:00,2024-06-05 05:00,2024-06,BUY,2154.78,2147.51,-1.23,3,hard_stop,-1.06,3,"TREND+,KDJ-OS,LOW-VOL",ranging
2024-06-05 06:00,2024-06-05 10:00,2024-06,BUY,2146.74,2139.38,-1.24,4,hard_stop,-2.73,3,"KDJ-OS,KC-BOT,LOW-VOL",ranging
2024-06-05 11:00,2024-06-06 06:00,2024-06,BUY,2138.23,2128.33,-1.49,19,hard_stop,-3.99,4,"KDJ-OS,KC-BOT,RSI-OS,LOW-VOL",ranging
2024-06-06 07:00,2024-06-06 18:00,2024-06,BUY,2131.51,2124.77,-1.17,11,hard_stop,-1.95,3,"KDJ-OS,KC-BOT,LOW-VOL",ranging
2024-06-06 19:00,2024-06-08 00:00,2024-06,BUY,2122.18,2129.13,0.2,29,reverse_signal,-2.89,3,"KDJ-OS,KC-BOT,LOW-VOL",ranging
2024-06-08 00:00,2024-06-10 11:00,2024-06,SELL,2129.13,2132.43,-0.83,11,reverse_signal,0.15,3,"KDJ-OB,TOP-DIV",ranging
2024-06-10 11:00,2024-06-11 15:00,2024-06,BUY,2132.43,2140.23,0.28,28,reverse_signal,1.16,4,"KDJ-OS,DIVERG,LOW-VOL",ranging
2024-06-11 15:00,2024-06-12 11:00,2024-06,SELL,2140.23,2134.01,0.12,20,reverse_signal,1.01,3,"KDJ-OB,TOP-DIV",ranging
2024-06-12 11:00,2024-06-12 15:00,2024-06,BUY,2134.01,2128.03,-1.1,4,hard_stop,-1.15,4,"KDJ-OS,DIVERG,LOW-VOL",ranging
2024-06-12 16:00,2024-06-12 21:00,2024-06,BUY,2125.03,2119.7,-1.03,5,hard_stop,-3.63,7,"KDJ-OS,BB-BOT,KC-BOT,DIVERG,RSI-OS,LOW-VOL",ranging
2024-06-12 22:00,2024-06-13 15:00,2024-06,BUY,2118.91,2127.07,0.32,17,reverse_signal,-3.64,4,"KDJ-OS,KC-BOT,RSI-OS,LOW-VOL",ranging
2024-06-13 15:00,2024-06-14 06:00,2024-06,SELL,2127.07,2122.2,-0.01,15,reverse_signal,0.28,3,"KDJ-OB,TOP-DIV",ranging
2024-06-14 06:00,2024-06-14 11:00,2024-06,BUY,2122.2,2116.11,-1.11,5,hard_stop,-0.79,4,"KDJ-OS,DIVERG,LOW-VOL",ranging
2024-06-14 12:00,2024-06-18 01:00,2024-06,BUY,2114.61,2122.78,0.32,37,reverse_signal,-2.98,6,"KDJ-OS,BB-BOT,KC-BOT,DIVERG,LOW-VOL",ranging
2024-06-18 01:00,2024-06-18 10:00,2024-06,SELL,2122.78,2126.11,-0.83,9,reverse_signal,1.61,3,"KDJ-OB,TOP-DIV",ranging
2024-06-18 10:00,2024-06-19 10:00,2024-06,BUY,2126.11,2119.58,-1.15,24,hard_stop,2.09,3,"DIVERG,LOW-VOL",ranging
2024-06-19 11:00,2024-06-20 22:00,2024-06,BUY,2117.48,2130.14,0.77,35,reverse_signal,-3.56,5,"KDJ-OS,BB-BOT,KC-BOT,RSI-OS,LOW-VOL",ranging
2024-06-20 22:00,2024-06-21 05:00,2024-06,SELL,2130.14,2130.28,-0.51,7,reverse_signal,1.36,3,"KDJ-OB,TOP-DIV",ranging
2024-06-21 05:00,2024-06-24 10:00,2024-06,BUY,2130.28,2144.53,0.93,29,reverse_signal,0.83,4,"TREND+,DIVERG,LOW-VOL",ranging
2024-06-24 10:00,2024-06-24 20:00,2024-06,SELL,2144.53,2141.03,-0.15,10,reverse_signal,3.25,3,"KDJ-OB,KC-TOP,RSI-OB",ranging
2024-06-24 20:00,2024-06-25 05:00,2024-06,BUY,2141.03,2146.87,0.08,9,reverse_signal,-0.09,3,"TREND+,KDJ-OS,LOW-VOL",ranging
2024-06-25 05:00,2024-06-25 10:00,2024-06,SELL,2146.87,2138.79,0.31,5,reverse_signal,1.65,3,"KDJ-OB,TOP-DIV",ranging
2024-06-25 10:00,2024-06-25 14:00,2024-06,BUY,2138.79,2133.35,-1.04,4,hard_stop,-1.42,4,"TREND+,KDJ-OS,BB-BOT,LOW-VOL",ranging
2024-06-25 15:00,2024-06-25 18:00,2024-06,BUY,2135.55,2130.07,-1.05,3,hard_stop,-1.7,4,"TREND+,KDJ-OS,KC-BOT,LOW-VOL",ranging
2024-06-25 19:00,2024-06-25 23:00,2024-06,BUY,2130.11,2135.61,0.05,4,reverse_signal,-2.79,4,"TREND+,KDJ-OS,KC-BOT,LOW-VOL",ranging
2024-06-25 23:00,2024-06-26 01:00,2024-06,SELL,2135.61,2131.46,-0.08,2,reverse_signal,-0.3,3,"KDJ-OB,TOP-DIV",ranging
2024-06-26 01:00,2024-06-26 23:00,2024-06,BUY,2131.46,2137.07,0.06,22,reverse_signal,-1.57,4,"TREND+,DIVERG,LOW-VOL",ranging
2024-06-26 23:00,2024-06-27 03:00,2024-06,SELL,2137.07,2135.53,-0.35,4,reverse_signal,1.21,3,"KDJ-OB,TOP-DIV",ranging
2024-06-27 03:00,2024-06-27 07:00,2024-06,BUY,2135.53,2130.13,-1.04,4,hard_stop,0.54,4,"TREND+,DIVERG,LOW-VOL",ranging
2024-06-27 08:00,2024-06-27 16:00,2024-06,BUY,2129.81,2136.66,0.18,8,reverse_signal,-1.33,4,"KDJ-OS,DIVERG,LOW-VOL",ranging
2024-06-27 16:00,2024-06-28 00:00,2024-06,SELL,2136.66,2134.73,-0.31,8,reverse_signal,1.69,3,"KDJ-OB,TOP-DIV",ranging
2024-06-28 00:00,2024-06-28 21:00,2024-06,BUY,2134.73,2153.85,1.41,21,reverse_signal,0.41,4,"TREND+,DIVERG,LOW-VOL",ranging
2024-06-28 21:00,2024-06-29 03:00,2024-06,SELL,2153.85,2160.19,-1.13,6,hard_stop,2.72,4,"KDJ-OB,KC-TOP,TOP-DIV",ranging
2024-06-29 04:00,2024-06-29 06:00,2024-06,SELL,2162.33,2161.83,-0.45,2,reverse_signal,3.48,3,"KDJ-OB,KC-TOP,RSI-OB",ranging
2024-06-29 06:00,2024-07-01 09:00,2024-06,BUY,2161.83,2164.09,-0.27,3,reverse_signal,2.77,4,"TREND+,DIVERG,LOW-VOL",ranging
2024-07-01 09:00,2024-07-01 11:00,2024-07,SELL,2164.09,2172.0,-1.29,2,hard_stop,2.9,4,"KDJ-OB,KC-TOP,TOP-DIV",ranging
2024-07-01 12:00,2024-07-01 18:00,2024-07,SELL,2171.37,2177.65,-1.13,6,hard_stop,3.93,5,"KDJ-OB,KC-TOP,TOP-DIV,RSI-OB",ranging
2024-07-01 19:00,2024-07-01 21:00,2024-07,SELL,2176.61,2183.82,-1.22,2,hard_stop,3.21,3,"KDJ-OB,KC-TOP,RSI-OB",ranging
2024-07-01 22:00,2024-07-02 01:00,2024-07,BUY,2181.82,2186.92,0.01,3,reverse_signal,3.63,4,"TREND+,DIVERG,LOW-VOL",ranging
2024-07-02 01:00,2024-07-02 04:00,2024-07,SELL,2186.92,2192.99,-1.11,3,hard_stop,4.22,5,"KDJ-OB,KC-TOP,TOP-DIV,RSI-OB",ranging
2024-07-02 05:00,2024-07-02 11:00,2024-07,SELL,2195.93,2187.43,0.35,6,reverse_signal,5.28,5,"KDJ-OB,KC-TOP,TOP-DIV,RSI-OB",ranging
2024-07-02 11:00,2024-07-03 00:00,2024-07,BUY,2187.43,2198.55,0.61,13,reverse_signal,1.01,3,"TREND+,KDJ-OS,LOW-VOL",ranging
2024-07-03 00:00,2024-07-03 06:00,2024-07,SELL,2198.55,2200.41,-0.69,6,reverse_signal,3.13,3,"KDJ-OB,KC-TOP,RSI-OB",ranging
2024-07-03 06:00,2024-07-03 10:00,2024-07,BUY,2200.41,2199.87,-0.55,4,reverse_signal,2.72,4,"TREND+,DIVERG,LOW-VOL",ranging
2024-07-03 10:00,2024-07-03 13:00,2024-07,SELL,2199.87,2202.22,-0.73,3,reverse_signal,1.86,3,"KDJ-OB,TOP-DIV",ranging
2024-07-03 13:00,2024-07-05 16:00,2024-07,BUY,2202.22,2224.46,1.72,51,reverse_signal,2.35,4,"TREND+,DIVERG,LOW-VOL",ranging
2024-07-05 16:00,2024-07-05 20:00,2024-07,SELL,2224.46,2219.75,-0.03,4,reverse_signal,2.01,3,"KDJ-OB,TOP-DIV",ranging
2024-07-05 20:00,2024-07-06 00:00,2024-07,BUY,2219.75,2226.34,0.16,4,reverse_signal,0.14,3,"TREND+,KDJ-OS,LOW-VOL",ranging
2024-07-06 00:00,2024-07-06 07:00,2024-07,SELL,2226.34,2228.34,-0.7,7,reverse_signal,2.14,3,"KDJ-OB,TOP-DIV",ranging
2024-07-06 07:00,2024-07-08 18:00,2024-07,BUY,2228.34,2215.88,-1.75,11,hard_stop,1.55,4,"TREND+,DIVERG,LOW-VOL",ranging
2024-07-08 19:00,2024-07-09 03:00,2024-07,BUY,2215.64,2218.72,-0.19,8,reverse_signal,-2.63,5,"TREND+,KDJ-OS,BB-BOT,KC-BOT,LOW-VOL",ranging
2024-07-09 03:00,2024-07-09 10:00,2024-07,SELL,2218.72,2212.7,0.1,7,reverse_signal,-0.36,3,"KDJ-OB,TOP-DIV",ranging
2024-07-09 10:00,2024-07-09 13:00,2024-07,BUY,2212.7,2205.83,-1.19,3,hard_stop,-2.14,3,"TREND+,KDJ-OS,LOW-VOL",ranging
2024-07-09 14:00,2024-07-09 17:00,2024-07,BUY,2205.98,2199.38,-1.16,3,hard_stop,-3.33,6,"TREND+,KDJ-OS,KC-BOT,DIVERG,LOW-VOL",ranging
2024-07-09 18:00,2024-07-11 06:00,2024-07,BUY,2200.45,2205.71,0.03,36,reverse_signal,-3.81,5,"TREND+,KDJ-OS,KC-BOT,RSI-OS,LOW-VOL",ranging
2024-07-11 06:00,2024-07-11 10:00,2024-07,SELL,2205.71,2197.74,0.3,4,reverse_signal,0.84,3,"KDJ-OB,TOP-DIV",ranging
2024-07-11 10:00,2024-07-11 15:00,2024-07,BUY,2197.74,2206.32,0.36,5,reverse_signal,-2.08,3,"KDJ-OS,BB-BOT,LOW-VOL",ranging
2024-07-11 15:00,2024-07-11 19:00,2024-07,SELL,2206.32,2206.9,-0.56,4,reverse_signal,1.52,3,"KDJ-OB,TOP-DIV",ranging
2024-07-11 19:00,2024-07-12 15:00,2024-07,BUY,2206.9,2200.97,-1.09,20,hard_stop,1.56,4,"TREND+,DIVERG,LOW-VOL",ranging
2024-07-13 00:00,2024-07-15 19:00,2024-07,BUY,2200.27,2195.04,-1.02,19,hard_stop,-1.09,4,"KDJ-OS,DIVERG,LOW-VOL",ranging
2024-07-15 20:00,2024-07-16 17:00,2024-07,BUY,2192.63,2201.56,0.39,21,reverse_signal,-3.21,4,"KDJ-OS,BB-BOT,KC-BOT,LOW-VOL",ranging
2024-07-16 17:00,2024-07-16 23:00,2024-07,SELL,2201.56,2199.41,-0.28,6,reverse_signal,0.2,3,"KDJ-OB,TOP-DIV",ranging
2024-07-16 23:00,2024-07-17 02:00,2024-07,BUY,2199.41,2204.19,-0.02,3,reverse_signal,-0.3,3,"KDJ-OS,BB-BOT,LOW-VOL",ranging
2024-07-17 02:00,2024-07-17 06:00,2024-07,SELL,2204.19,2205.37,-0.62,4,reverse_signal,1.2,3,"KDJ-OB,TOP-DIV",ranging
2024-07-17 06:00,2024-07-18 04:00,2024-07,BUY,2205.37,2199.29,-1.11,22,hard_stop,1.41,3,"DIVERG,LOW-VOL",ranging
2024-07-18 07:00,2024-07-18 16:00,2024-07,BUY,2200.71,2193.72,-1.2,9,hard_stop,-1.22,4,"KDJ-OS,DIVERG,LOW-VOL",ranging
2024-07-19 08:00,2024-07-19 10:00,2024-07,BUY,2204.58,2206.57,-0.3,2,reverse_signal,1.07,4,"TREND+,DIVERG,LOW-VOL",ranging
2024-07-19 10:00,2024-07-19 15:00,2024-07,SELL,2206.57,2209.49,-0.79,5,reverse_signal,1.69,3,"KDJ-OB,TOP-DIV",ranging
2024-07-19 15:00,2024-07-19 21:00,2024-07,BUY,2209.49,2207.74,-0.68,6,reverse_signal,2.11,4,"TREND+,DIVERG,LOW-VOL",ranging
2024-07-19 21:00,2024-07-20 02:00,2024-07,SELL,2207.74,2210.65,-0.79,5,reverse_signal,0.36,3,"KDJ-OB,TOP-DIV",ranging
2024-07-20 02:00,2024-07-22 09:00,2024-07,BUY,2210.65,2204.93,-1.07,7,hard_stop,1.1,4,"TREND+,DIVERG,LOW-VOL",ranging
2024-07-22 10:00,2024-07-22 16:00,2024-07,BUY,2207.12,2208.49,-0.36,6,reverse_signal,-0.31,4,"TREND+,KDJ-OS,BB-BOT,LOW-VOL",ranging
2024-07-22 16:00,2024-07-22 19:00,2024-07,SELL,2208.49,2204.02,-0.05,3,reverse_signal,-0.12,3,"KDJ-OB,TOP-DIV",ranging
2024-07-22 19:00,2024-07-23 05:00,2024-07,BUY,2204.02,2197.29,-1.17,10,hard_stop,-1.6,3,"TREND+,KDJ-OS,LOW-VOL",ranging
2024-07-23 06:00,2024-07-23 09:00,2024-07,BUY,2194.04,2187.75,-1.13,3,hard_stop,-3.7,7,"KDJ-OS,BB-BOT,KC-BOT,DIVERG,RSI-OS,LOW-VOL",ranging
2024-07-23 10:00,2024-07-23 13:00,2024-07,BUY,2186.14,2179.46,-1.17,3,hard_stop,-5.0,6,"KDJ-OS,KC-BOT,DIVERG,RSI-OS,LOW-VOL",ranging
2024-07-23 14:00,2024-07-26 03:00,2024-07,BUY,2178.52,2197.76,1.42,61,reverse_signal,-5.91,4,"KDJ-OS,KC-BOT,RSI-OS,LOW-VOL",ranging
2024-07-26 03:00,2024-07-26 19:00,2024-07,SELL,2197.76,2197.54,-0.48,16,reverse_signal,1.23,4,"KDJ-OB,KC-TOP,TOP-DIV",ranging
2024-07-26 19:00,2024-07-27 04:00,2024-07,BUY,2197.54,2197.89,-0.47,9,reverse_signal,0.8,4,"KDJ-OS,DIVERG,LOW-VOL",ranging
2024-07-27 04:00,2024-07-29 09:00,2024-07,SELL,2197.89,2190.57,0.23,5,reverse_signal,0.83,3,"KDJ-OB,TOP-DIV",ranging
2024-07-29 09:00,2024-07-30 03:00,2024-07,BUY,2190.57,2184.54,-1.1,18,hard_stop,-1.91,3,"KDJ-OS,BB-BOT,LOW-VOL",ranging
2024-07-30 04:00,2024-07-30 10:00,2024-07,BUY,2186.15,2180.9,-1.02,6,hard_stop,-1.75,6,"KDJ-OS,BB-BOT,KC-BOT,DIVERG,LOW-VOL",ranging
2024-07-30 11:00,2024-07-31 02:00,2024-07,BUY,2182.41,2175.27,-1.21,15,hard_stop,-1.97,5,"KDJ-OS,KC-BOT,DIVERG,LOW-VOL",ranging
2024-07-31 03:00,2024-08-01 00:00,2024-07,BUY,2173.74,2194.66,1.59,21,reverse_signal,-3.53,7,"KDJ-OS,BB-BOT,KC-BOT,DIVERG,RSI-OS,LOW-VOL",ranging
2024-08-01 00:00,2024-08-01 01:00,2024-08,SELL,2194.66,2196.4,-0.67,1,reverse_signal,2.67,4,"KDJ-OB,KC-TOP,TOP-DIV",ranging
2024-08-01 01:00,2024-08-01 05:00,2024-08,BUY,2196.4,2199.12,-0.23,4,reverse_signal,3.06,4,"TREND+,DIVERG,LOW-VOL",ranging
2024-08-01 05:00,2024-08-01 12:00,2024-08,SELL,2199.12,2206.74,-1.26,7,hard_stop,2.88,4,"KDJ-OB,KC-TOP,TOP-DIV",ranging
2024-08-01 17:00,2024-08-01 23:00,2024-08,BUY,2201.67,2204.0,-0.27,6,reverse_signal,1.23,3,"TREND+,KDJ-OS,LOW-VOL",ranging
2024-08-01 23:00,2024-08-02 03:00,2024-08,SELL,2204.0,2198.69,0.03,4,reverse_signal,1.23,3,"KDJ-OB,TOP-DIV",ranging
2024-08-02 03:00,2024-08-02 19:00,2024-08,BUY,2198.69,2193.53,-1.02,16,hard_stop,-0.8,3,"TREND+,KDJ-OS,LOW-VOL",ranging
2024-08-02 20:00,2024-08-02 22:00,2024-08,BUY,2195.37,2189.76,-1.06,2,hard_stop,-0.68,5,"TREND+,KDJ-OS,DIVERG,LOW-VOL",ranging
2024-08-02 23:00,2024-08-03 04:00,2024-08,BUY,2190.0,2183.52,-1.15,5,hard_stop,-2.31,4,"KDJ-OS,DIVERG,LOW-VOL",ranging
2024-08-03 05:00,2024-08-05 12:00,2024-08,BUY,2182.87,2188.43,0.06,7,reverse_signal,-3.26,3,"KDJ-OS,KC-BOT,LOW-VOL",ranging
2024-08-05 12:00,2024-08-05 15:00,2024-08,SELL,2188.43,2180.78,0.26,3,reverse_signal,-0.31,3,"KDJ-OB,TOP-DIV",ranging
2024-08-05 15:00,2024-08-07 04:00,2024-08,BUY,2180.78,2185.68,-0.01,37,reverse_signal,-2.58,3,"KDJ-OS,KC-BOT,LOW-VOL",ranging
2024-08-07 04:00,2024-08-07 13:00,2024-08,SELL,2185.68,2174.2,0.65,9,reverse_signal,0.54,3,"KDJ-OB,TOP-DIV",ranging
2024-08-07 13:00,2024-08-07 18:00,2024-08,BUY,2174.2,2168.98,-1.02,5,hard_stop,-3.01,4,"KDJ-OS,BB-BOT,KC-BOT,LOW-VOL",ranging
2024-08-07 19:00,2024-08-08 15:00,2024-08,BUY,2165.9,2174.6,0.37,20,reverse_signal,-4.27,4,"KDJ-OS,KC-BOT,RSI-OS,LOW-VOL",ranging
2024-08-08 15:00,2024-08-09 09:00,2024-08,SELL,2174.6,2170.77,-0.12,18,reverse_signal,1.36,3,"KDJ-OB,TOP-DIV",ranging
2024-08-09 09:00,2024-08-09 17:00,2024-08,BUY,2170.77,2164.93,-1.08,8,hard_stop,-0.11,4,"KDJ-OS,DIVERG,LOW-VOL",ranging
2024-08-09 18:00,2024-08-10 01:00,2024-08,BUY,2165.56,2168.84,-0.17,7,reverse_signal,-1.76,4,"KDJ-OS,DIVERG,LOW-VOL",ranging
2024-08-10 01:00,2024-08-10 07:00,2024-08,SELL,2168.84,2169.34,-0.55,6,reverse_signal,0.22,3,"KDJ-OB,TOP-DIV",ranging
2024-08-10 07:00,2024-08-12 11:00,2024-08,BUY,2169.34,2177.3,0.3,4,reverse_signal,0.33,3,"DIVERG,LOW-VOL",ranging
2024-08-12 11:00,2024-08-13 00:00,2024-08,SELL,2177.3,2163.41,0.89,13,reverse_signal,3.22,4,"KDJ-OB,KC-TOP,TOP-DIV",ranging
2024-08-13 00:00,2024-08-13 02:00,2024-08,BUY,2163.41,2158.02,-1.04,2,hard_stop,-2.61,3,"KDJ-OS,KC-BOT,LOW-VOL",ranging
2024-08-13 03:00,2024-08-14 01:00,2024-08,BUY,2157.08,2173.88,1.18,22,reverse_signal,-4.04,4,"KDJ-OS,KC-BOT,RSI-OS,LOW-VOL",ranging
2024-08-14 01:00,2024-08-14 03:00,2024-08,SELL,2173.88,2176.08,-0.72,2,reverse_signal,3.98,3,"KDJ-OB,KC-TOP,RSI-OB",ranging
2024-08-14 03:00,2024-08-14 10:00,2024-08,BUY,2176.08,2178.85,-0.22,7,reverse_signal,3.99,3,"DIVERG,LOW-VOL",ranging
2024-08-14 10:00,2024-08-14 16:00,2024-08,SELL,2178.85,2175.92,-0.21,6,reverse_signal,3.44,3,"KDJ-OB,KC-TOP,RSI-OB",ranging
2024-08-14 16:00,2024-08-14 19:00,2024-08,BUY,2175.92,2170.41,-1.05,3,hard_stop,1.38,3,"TREND+,KDJ-OS,LOW-VOL",ranging
2024-08-15 04:00,2024-08-17 02:00,2024-08,BUY,2161.05,2156.54,-0.95,46,hard_stop,-3.21,3,"KDJ-OS,KC-BOT,LOW-VOL",ranging
2024-08-17 03:00,2024-08-19 20:00,2024-08,BUY,2154.61,2157.67,-0.19,17,reverse_signal,-2.48,5,"KDJ-OS,KC-BOT,DIVERG,LOW-VOL",ranging
2024-08-19 20:00,2024-08-20 11:00,2024-08,SELL,2157.67,2163.78,-1.11,15,hard_stop,0.45,3,"KDJ-OB,TOP-DIV",ranging
2024-08-20 16:00,2024-08-21 13:00,2024-08,BUY,2163.97,2157.07,-1.19,21,hard_stop,1.79,3,"DIVERG,LOW-VOL",ranging
2024-08-21 14:00,2024-08-22 21:00,2024-08,BUY,2153.56,2147.98,-1.06,31,hard_stop,-2.9,4,"KDJ-OS,BB-BOT,KC-BOT,LOW-VOL",ranging
2024-08-22 22:00,2024-08-24 03:00,2024-08,BUY,2146.28,2165.2,1.39,29,reverse_signal,-2.66,4,"KDJ-OS,BB-BOT,KC-BOT,LOW-VOL",ranging
2024-08-24 03:00,2024-08-26 15:00,2024-08,SELL,2165.2,2148.58,1.16,12,reverse_signal,2.54,4,"KDJ-OB,KC-TOP,TOP-DIV",ranging
2024-08-26 15:00,2024-08-27 09:00,2024-08,BUY,2148.58,2143.47,-1.01,18,hard_stop,-2.92,3,"KDJ-OS,KC-BOT,LOW-VOL",ranging
2024-08-27 10:00,2024-08-28 06:00,2024-08,BUY,2144.83,2139.74,-1.01,20,hard_stop,-1.25,3,"DIVERG,LOW-VOL",ranging
2024-08-28 14:00,2024-08-28 22:00,2024-08,BUY,2140.84,2133.35,-1.25,8,hard_stop,-0.93,4,"KDJ-OS,DIVERG,LOW-VOL",ranging
2024-08-28 23:00,2024-08-29 04:00,2024-08,BUY,2131.73,2123.65,-1.31,5,hard_stop,-2.96,5,"KDJ-OS,KC-BOT,DIVERG,LOW-VOL",ranging
2024-08-29 05:00,2024-08-30 13:00,2024-08,BUY,2122.61,2145.1,1.75,32,reverse_signal,-4.15,4,"KDJ-OS,KC-BOT,RSI-OS,LOW-VOL",ranging
2024-08-30 13:00,2024-08-30 17:00,2024-08,SELL,2145.1,2148.2,-0.81,4,reverse_signal,3.68,3,"KDJ-OB,KC-TOP,RSI-OB",ranging
2024-08-30 17:00,2024-08-30 20:00,2024-08,BUY,2148.2,2149.98,-0.32,3,reverse_signal,3.47,3,"DIVERG,LOW-VOL",ranging
2024-08-30 20:00,2024-09-03 02:00,2024-08,SELL,2149.98,2132.69,1.23,30,reverse_signal,3.39,5,"KDJ-OB,KC-TOP,TOP-DIV,RSI-OB",ranging
2024-09-03 02:00,2024-09-03 13:00,2024-09,BUY,2132.69,2140.46,0.28,11,reverse_signal,-3.6,3,"KDJ-OS,KC-BOT,LOW-VOL",ranging
2024-09-03 13:00,2024-09-03 16:00,2024-09,SELL,2140.46,2133.02,0.24,3,reverse_signal,-0.52,3,"KDJ-OB,TOP-DIV",ranging
2024-09-03 16:00,2024-09-04 15:00,2024-09,BUY,2133.02,2132.7,-0.53,23,reverse_signal,-2.51,3,"KDJ-OS,KC-BOT,LOW-VOL",ranging
2024-09-04 15:00,2024-09-04 19:00,2024-09,SELL,2132.7,2125.68,0.2,4,reverse_signal,-0.6,3,"KDJ-OB,TOP-DIV",ranging
2024-09-04 19:00,2024-09-05 23:00,2024-09,BUY,2125.68,2136.63,0.6,28,reverse_signal,-2.77,3,"KDJ-OS,KC-BOT,LOW-VOL",ranging
2024-09-05 23:00,2024-09-06 16:00,2024-09,SELL,2136.63,2138.9,-0.73,17,reverse_signal,1.82,3,"KDJ-OB,TOP-DIV",ranging
2024-09-06 16:00,2024-09-07 03:00,2024-09,BUY,2138.9,2147.82,0.39,11,reverse_signal,1.89,4,"TREND+,DIVERG,LOW-VOL",ranging
2024-09-07 03:00,2024-09-07 05:00,2024-09,SELL,2147.82,2148.17,-0.53,2,reverse_signal,3.42,3,"KDJ-OB,KC-TOP,RSI-OB",ranging
2024-09-07 05:00,2024-09-09 15:00,2024-09,BUY,2148.17,2142.93,-1.02,10,hard_stop,2.92,4,"TREND+,DIVERG,LOW-VOL",ranging
2024-09-09 16:00,2024-09-10 01:00,2024-09,BUY,2140.46,2148.28,0.28,9,reverse_signal,-1.58,5,"TREND+,KDJ-OS,DIVERG,LOW-VOL",ranging
2024-09-10 01:00,2024-09-10 10:00,2024-09,SELL,2148.28,2151.56,-0.83,9,reverse_signal,1.85,3,"KDJ-OB,TOP-DIV",ranging
2024-09-10 10:00,2024-09-10 16:00,2024-09,BUY,2151.56,2145.9,-1.07,6,hard_stop,1.85,4,"TREND+,DIVERG,LOW-VOL",ranging
2024-09-10 17:00,2024-09-11 11:00,2024-09,BUY,2145.38,2156.28,0.59,18,reverse_signal,-0.95,3,"TREND+,KDJ-OS,LOW-VOL",ranging
2024-09-11 11:00,2024-09-11 15:00,2024-09,SELL,2156.28,2157.39,-0.61,4,reverse_signal,1.65,3,"KDJ-OB,TOP-DIV",ranging
2024-09-11 15:00,2024-09-11 21:00,2024-09,BUY,2157.39,2156.92,-0.55,6,reverse_signal,1.75,4,"TREND+,DIVERG,LOW-VOL",ranging
2024-09-11 21:00,2024-09-11 22:00,2024-09,SELL,2156.92,2158.2,-0.63,1,reverse_signal,0.92,3,"KDJ-OB,TOP-DIV",ranging
2024-09-11 22:00,2024-09-12 03:00,2024-09,BUY,2158.2,2151.84,-1.14,5,hard_stop,1.39,4,"TREND+,DIVERG,LOW-VOL",ranging
2024-09-12 04:00,2024-09-13 08:00,2024-09,BUY,2149.84,2167.14,1.23,28,reverse_signal,-2.26,5,"TREND+,KDJ-OS,DIVERG,LOW-VOL",ranging
2024-09-13 08:00,2024-09-13 10:00,2024-09,SELL,2167.14,2172.41,-1.03,2,hard_stop,3.38,3,"KDJ-OB,KC-TOP,RSI-OB",ranging
2024-09-13 11:00,2024-09-13 12:00,2024-09,SELL,2170.43,2172.82,-0.74,1,reverse_signal,3.43,3,"KDJ-OB,KC-TOP,RSI-OB",ranging
2024-09-13 12:00,2024-09-13 14:00,2024-09,BUY,2172.82,2176.31,-0.15,2,reverse_signal,3.92,4,"TREND+,DIVERG,LOW-VOL",ranging
2024-09-13 14:00,2024-09-13 16:00,2024-09,SELL,2176.31,2182.18,-1.09,2,hard_stop,4.56,5,"KDJ-OB,KC-TOP,TOP-DIV,RSI-OB",ranging
2024-09-13 17:00,2024-09-16 08:00,2024-09,SELL,2183.5,2177.06,0.14,15,reverse_signal,5.47,5,"KDJ-OB,KC-TOP,TOP-DIV,RSI-OB",ranging
2024-09-16 08:00,2024-09-17 14:00,2024-09,BUY,2177.06,2172.0,-1.01,30,hard_stop,0.03,3,"TREND+,KDJ-OS,LOW-VOL",ranging
2024-09-17 15:00,2024-09-17 21:00,2024-09,BUY,2168.66,2175.03,0.14,6,reverse_signal,-2.53,5,"TREND+,KDJ-OS,BB-BOT,KC-BOT,LOW-VOL",ranging
2024-09-17 21:00,2024-09-18 00:00,2024-09,SELL,2175.03,2173.05,-0.3,3,reverse_signal,0.6,3,"KDJ-OB,TOP-DIV",ranging
2024-09-18 00:00,2024-09-18 08:00,2024-09,BUY,2173.05,2165.32,-1.27,8,hard_stop,-0.15,4,"TREND+,DIVERG,LOW-VOL",ranging
2024-09-18 09:00,2024-09-18 19:00,2024-09,BUY,2163.08,2164.65,-0.34,10,reverse_signal,-3.33,8,"TREND+,KDJ-OS,BB-BOT,KC-BOT,DIVERG,RSI-OS,LOW-VOL",ranging
2024-09-18 19:00,2024-09-18 23:00,2024-09,SELL,2164.65,2170.35,-1.07,4,hard_stop,-0.94,3,"KDJ-OB,TOP-DIV",ranging
2024-09-19 10:00,2024-09-20 06:00,2024-09,BUY,2166.05,2189.16,1.81,20,reverse_signal,-1.21,3,"TREND+,KDJ-OS,LOW-VOL",ranging
2024-09-20 06:00,2024-09-20 09:00,2024-09,SELL,2189.16,2199.3,-1.51,3,hard_stop,2.89,3,"KDJ-OB,KC-TOP,RSI-OB",ranging
2024-09-20 10:00,2024-09-20 14:00,2024-09,SELL,2203.12,2208.83,-1.07,4,hard_stop,5.97,3,"KDJ-OB,KC-TOP,RSI-OB",ranging
2024-09-20 15:00,2024-09-20 19:00,2024-09,BUY,2205.1,2196.99,-1.31,4,hard_stop,4.1,4,"TREND+,DIVERG,LOW-VOL",ranging
2024-09-20 20:00,2024-09-21 07:00,2024-09,BUY,2194.9,2189.71,-1.02,11,hard_stop,-0.41,5,"TREND+,KDJ-OS,DIVERG,LOW-VOL",ranging
2024-09-23 08:00,2024-09-23 14:00,2024-09,BUY,2191.34,2185.85,-1.05,6,hard_stop,-1.24,3,"TREND+,KDJ-OS,LOW-VOL",ranging
2024-09-23 15:00,2024-09-23 23:00,2024-09,BUY,2185.98,2188.66,-0.23,8,reverse_signal,-2.49,4,"TREND+,KDJ-OS,KC-BOT,LOW-VOL",ranging
2024-09-23 23:00,2024-09-24 04:00,2024-09,SELL,2188.66,2193.94,-1.03,5,hard_stop,-0.01,3,"KDJ-OB,TOP-DIV",ranging
2024-09-24 05:00,2024-09-24 15:00,2024-09,SELL,2196.42,2201.05,-0.96,10,hard_stop,2.5,4,"KDJ-OB,KC-TOP,TOP-DIV",ranging
2024-09-24 20:00,2024-09-25 04:00,2024-09,BUY,2198.02,2207.78,0.48,8,reverse_signal,0.47,3,"TREND+,KDJ-OS,LOW-VOL",ranging
2024-09-25 04:00,2024-09-25 12:00,2024-09,SELL,2207.78,2207.6,-0.48,8,reverse_signal,3.19,3,"KDJ-OB,KC-TOP,RSI-OB",ranging
2024-09-25 12:00,2024-09-25 15:00,2024-09,BUY,2207.6,2210.39,-0.22,3,reverse_signal,1.83,4,"TREND+,DIVERG,LOW-VOL",ranging
2024-09-25 15:00,2024-09-25 18:00,2024-09,SELL,2210.39,2209.18,-0.38,3,reverse_signal,2.51,4,"KDJ-OB,KC-TOP,TOP-DIV",ranging
2024-09-25 18:00,2024-09-26 01:00,2024-09,BUY,2209.18,2203.47,-1.07,7,hard_stop,1.57,4,"TREND+,DIVERG,LOW-VOL",ranging
2024-09-26 02:00,2024-09-26 08:00,2024-09,BUY,2201.65,2206.6,-0.01,6,reverse_signal,-2.12,6,"TREND+,KDJ-OS,BB-BOT,DIVERG,LOW-VOL",ranging
2024-09-26 08:00,2024-09-26 11:00,2024-09,SELL,2206.6,2200.04,0.16,3,reverse_signal,0.68,3,"KDJ-OB,TOP-DIV",ranging
2024-09-26 11:00,2024-09-26 19:00,2024-09,BUY,2200.04,2194.37,-1.07,8,hard_stop,-1.94,3,"TREND+,KDJ-OS,LOW-VOL",ranging
2024-09-26 20:00,2024-09-26 22:00,2024-09,BUY,2192.88,2187.91,-1.0,2,hard_stop,-2.9,6,"TREND+,KDJ-OS,KC-BOT,DIVERG,LOW-VOL",ranging
2024-09-26 23:00,2024-09-27 11:00,2024-09,BUY,2184.5,2179.61,-0.99,12,hard_stop,-4.95,6,"KDJ-OS,KC-BOT,DIVERG,RSI-OS,LOW-VOL",ranging
2024-09-27 12:00,2024-09-27 20:00,2024-09,BUY,2180.1,2174.28,-1.08,8,hard_stop,-2.99,6,"KDJ-OS,KC-BOT,DIVERG,RSI-OS,LOW-VOL",ranging
2024-09-27 21:00,2024-09-28 01:00,2024-09,BUY,2171.21,2165.09,-1.11,4,hard_stop,-4.0,6,"KDJ-OS,KC-BOT,DIVERG,RSI-OS,LOW-VOL",ranging
2024-09-28 02:00,2024-09-30 22:00,2024-09,BUY,2165.92,2159.51,-1.14,20,hard_stop,-4.04,4,"KDJ-OS,KC-BOT,RSI-OS,LOW-VOL",ranging
2024-09-30 23:00,2024-10-02 01:00,2024-09,BUY,2156.82,2172.11,1.03,26,reverse_signal,-4.0,5,"KDJ-OS,BB-BOT,KC-BOT,RSI-OS,LOW-VOL",ranging
2024-10-02 01:00,2024-10-02 20:00,2024-10,SELL,2172.11,2167.59,-0.05,19,reverse_signal,1.68,3,"KDJ-OB,TOP-DIV",ranging
2024-10-02 20:00,2024-10-04 02:00,2024-10,BUY,2167.59,2161.78,-1.08,30,hard_stop,-0.27,4,"KDJ-OS,DIVERG,LOW-VOL",ranging
2024-10-04 03:00,2024-10-05 00:00,2024-10,BUY,2163.39,2156.72,-1.17,21,hard_stop,-3.18,3,"KDJ-OS,KC-BOT,LOW-VOL",ranging
2024-10-05 01:00,2024-10-07 23:00,2024-10,BUY,2158.11,2152.46,-1.07,22,hard_stop,-2.45,4,"KDJ-OS,BB-BOT,KC-BOT,LOW-VOL",ranging
2024-10-08 00:00,2024-10-08 12:00,2024-10,BUY,2152.71,2146.39,-1.13,12,hard_stop,-2.19,4,"KDJ-OS,DIVERG,LOW-VOL",ranging
2024-10-08 13:00,2024-10-10 02:00,2024-10,BUY,2144.37,2148.11,-0.13,37,reverse_signal,-3.22,6,"KDJ-OS,KC-BOT,DIVERG,RSI-OS,LOW-VOL",ranging
2024-10-10 02:00,2024-10-10 09:00,2024-10,SELL,2148.11,2147.11,-0.4,7,reverse_signal,0.09,3,"KDJ-OB,TOP-DIV",ranging
2024-10-10 09:00,2024-10-10 11:00,2024-10,BUY,2147.11,2141.18,-1.09,2,hard_stop,-0.09,4,"KDJ-OS,DIVERG,LOW-VOL",ranging
2024-10-10 12:00,2024-10-10 22:00,2024-10,BUY,2140.26,2133.56,-1.17,10,hard_stop,-2.16,4,"KDJ-OS,DIVERG,LOW-VOL",ranging
2024-10-10 23:00,2024-10-12 02:00,2024-10,BUY,2130.92,2124.35,-1.16,27,hard_stop,-3.91,4,"KDJ-OS,KC-BOT,RSI-OS,LOW-VOL",ranging
2024-10-12 03:00,2024-10-15 14:00,2024-10,BUY,2125.42,2133.63,0.32,35,reverse_signal,-2.33,3,"KDJ-OS,KC-BOT,LOW-VOL",ranging
2024-10-15 14:00,2024-10-15 16:00,2024-10,SELL,2133.63,2134.5,-0.59,2,reverse_signal,0.17,3,"KDJ-OB,TOP-DIV",ranging
2024-10-15 16:00,2024-10-16 18:00,2024-10,BUY,2134.5,2147.58,0.81,26,reverse_signal,0.45,3,"DIVERG,LOW-VOL",ranging
2024-10-16 18:00,2024-10-16 21:00,2024-10,SELL,2147.58,2144.72,-0.21,3,reverse_signal,1.78,3,"KDJ-OB,TOP-DIV",ranging
2024-10-16 21:00,2024-10-17 05:00,2024-10,BUY,2144.72,2150.05,0.03,8,reverse_signal,0.55,3,"TREND+,KDJ-OS,LOW-VOL",ranging
2024-10-17 05:00,2024-10-17 13:00,2024-10,SELL,2150.05,2151.73,-0.67,8,reverse_signal,1.76,3,"KDJ-OB,TOP-DIV",ranging
2024-10-17 13:00,2024-10-17 20:00,2024-10,BUY,2151.73,2144.15,-1.26,7,hard_stop,1.44,4,"TREND+,DIVERG,LOW-VOL",ranging
2024-10-17 21:00,2024-10-18 02:00,2024-10,BUY,2143.94,2138.64,-1.03,5,hard_stop,-1.59,5,"TREND+,KDJ-OS,DIVERG,LOW-VOL",ranging
2024-10-18 03:00,2024-10-18 06:00,2024-10,BUY,2138.06,2143.53,0.05,3,reverse_signal,-2.66,3,"KDJ-OS,KC-BOT,LOW-VOL",ranging
2024-10-18 06:00,2024-10-18 13:00,2024-10,SELL,2143.53,2130.34,0.82,7,reverse_signal,-0.29,3,"KDJ-OB,TOP-DIV",ranging
2024-10-18 13:00,2024-10-22 05:00,2024-10,BUY,2130.34,2123.92,-1.14,40,hard_stop,-3.99,4,"KDJ-OS,KC-BOT,RSI-OS,LOW-VOL",ranging
2024-10-22 06:00,2024-10-23 03:00,2024-10,BUY,2123.12,2129.97,0.18,21,reverse_signal,-3.17,6,"KDJ-OS,KC-BOT,DIVERG,RSI-OS,LOW-VOL",ranging
2024-10-23 03:00,2024-10-23 06:00,2024-10,SELL,2129.97,2119.94,0.5,3,reverse_signal,1.03,3,"KDJ-OB,TOP-DIV",ranging
2024-10-23 06:00,2024-10-23 18:00,2024-10,BUY,2119.94,2112.63,-1.23,12,hard_stop,-2.54,4,"KDJ-OS,BB-BOT,KC-BOT,LOW-VOL",ranging
2024-10-23 19:00,2024-10-25 00:00,2024-10,BUY,2111.77,2106.31,-1.05,29,hard_stop,-3.53,7,"KDJ-OS,BB-BOT,KC-BOT,DIVERG,RSI-OS,LOW-VOL",ranging
2024-10-25 01:00,2024-10-25 19:00,2024-10,BUY,2106.31,2100.51,-1.08,18,hard_stop,-2.03,4,"KDJ-OS,DIVERG,LOW-VOL",ranging
2024-10-25 20:00,2024-10-26 05:00,2024-10,BUY,2098.23,2093.42,-0.98,9,hard_stop,-2.61,3,"BB-BOT,KC-BOT,LOW-VOL",ranging
2024-10-26 06:00,2024-10-28 18:00,2024-10,BUY,2096.66,2091.21,-1.04,12,hard_stop,-1.39,5,"KDJ-OS,KC-BOT,DIVERG,LOW-VOL",ranging
2024-10-28 19:00,2024-10-28 23:00,2024-10,BUY,2091.78,2086.83,-1.0,4,hard_stop,-2.17,6,"KDJ-OS,BB-BOT,KC-BOT,DIVERG,LOW-VOL",ranging
2024-10-29 00:00,2024-10-29 09:00,2024-10,BUY,2088.19,2092.25,-0.09,9,reverse_signal,-2.47,3,"KDJ-OS,KC-BOT,LOW-VOL",ranging
2024-10-29 09:00,2024-10-29 11:00,2024-10,SELL,2092.25,2097.18,-0.99,2,hard_stop,0.98,3,"KDJ-OB,TOP-DIV",ranging
2024-10-30 03:00,2024-10-30 05:00,2024-10,SELL,2097.34,2101.72,-0.94,2,reverse_signal,1.34,4,"KDJ-OB,KC-TOP,TOP-DIV",ranging
2024-10-30 05:00,2024-10-30 17:00,2024-10,BUY,2101.72,2106.31,-0.04,12,reverse_signal,2.68,3,"DIVERG,LOW-VOL",ranging
2024-10-30 17:00,2024-10-30 18:00,2024-10,SELL,2106.31,2108.33,-0.7,1,reverse_signal,1.94,3,"KDJ-OB,TOP-DIV",ranging
2024-10-30 18:00,2024-10-31 06:00,2024-10,BUY,2108.33,2111.25,-0.21,12,reverse_signal,2.44,3,"DIVERG,LOW-VOL",ranging
2024-10-31 06:00,2024-10-31 07:00,2024-10,SELL,2111.25,2113.3,-0.71,1,reverse_signal,1.38,3,"KDJ-OB,TOP-DIV",ranging
2024-10-31 07:00,2024-10-31 19:00,2024-10,BUY,2113.3,2116.88,-0.14,12,reverse_signal,1.94,4,"TREND+,DIVERG,LOW-VOL",ranging
2024-10-31 19:00,2024-10-31 22:00,2024-10,SELL,2116.88,2113.26,-0.14,3,reverse_signal,1.09,3,"KDJ-OB,TOP-DIV",ranging
2024-10-31 22:00,2024-11-01 07:00,2024-10,BUY,2113.26,2114.35,-0.39,9,reverse_signal,-0.35,3,"TREND+,KDJ-OS,LOW-VOL",ranging
2024-11-01 07:00,2024-11-01 10:00,2024-11,SELL,2114.35,2120.56,-1.12,3,hard_stop,0.59,3,"KDJ-OB,TOP-DIV",ranging
2024-11-01 11:00,2024-11-01 17:00,2024-11,SELL,2119.81,2116.32,-0.15,6,reverse_signal,2.27,4,"KDJ-OB,KC-TOP,TOP-DIV",ranging
2024-11-01 17:00,2024-11-02 01:00,2024-11,BUY,2116.32,2129.55,0.82,8,reverse_signal,0.29,3,"TREND+,KDJ-OS,LOW-VOL",ranging
2024-11-02 01:00,2024-11-02 06:00,2024-11,SELL,2129.55,2134.95,-1.04,5,hard_stop,3.95,3,"KDJ-OB,KC-TOP,RSI-OB",ranging
2024-11-02 07:00,2024-11-04 11:00,2024-11,BUY,2133.89,2138.87,-0.0,4,reverse_signal,3.6,4,"TREND+,DIVERG,LOW-VOL",ranging
2024-11-04 11:00,2024-11-04 19:00,2024-11,SELL,2138.87,2147.94,-1.41,8,hard_stop,4.28,3,"KDJ-OB,KC-TOP,RSI-OB",ranging
2024-11-04 20:00,2024-11-04 21:00,2024-11,SELL,2147.22,2149.16,-0.69,1,reverse_signal,4.17,5,"KDJ-OB,KC-TOP,TOP-DIV,RSI-OB",ranging
2024-11-04 21:00,2024-11-05 06:00,2024-11,BUY,2149.16,2154.39,0.02,9,reverse_signal,4.5,4,"TREND+,DIVERG,LOW-VOL",ranging
2024-11-05 06:00,2024-11-05 13:00,2024-11,SELL,2154.39,2155.68,-0.63,7,reverse_signal,3.5,3,"KDJ-OB,KC-TOP,RSI-OB",ranging
2024-11-05 13:00,2024-11-05 16:00,2024-11,BUY,2155.68,2150.99,-0.97,3,hard_stop,2.59,4,"TREND+,DIVERG,LOW-VOL",ranging
2024-11-05 17:00,2024-11-06 00:00,2024-11,BUY,2150.1,2143.61,-1.15,7,hard_stop,-0.27,5,"TREND+,KDJ-OS,DIVERG,LOW-VOL",ranging
2024-11-06 01:00,2024-11-06 14:00,2024-11,BUY,2141.91,2136.33,-1.06,13,hard_stop,-2.95,7,"TREND+,KDJ-OS,BB-BOT,KC-BOT,DIVERG,LOW-VOL",ranging
2024-11-06 15:00,2024-11-07 17:00,2024-11,BUY,2138.94,2142.48,-0.15,26,reverse_signal,-1.61,6,"TREND+,KDJ-OS,KC-BOT,DIVERG,LOW-VOL",ranging
2024-11-07 17:00,2024-11-07 19:00,2024-11,SELL,2142.48,2148.2,-1.07,2,hard_stop,1.26,3,"KDJ-OB,TOP-DIV",ranging
2024-11-07 20:00,2024-11-08 05:00,2024-11,SELL,2150.54,2143.21,0.23,9,reverse_signal,3.49,4,"KDJ-OB,KC-TOP,TOP-DIV",ranging
2024-11-08 05:00,2024-11-11 09:00,2024-11,BUY,2143.21,2161.5,1.33,28,reverse_signal,-0.65,3,"TREND+,KDJ-OS,LOW-VOL",ranging
2024-11-11 09:00,2024-11-12 01:00,2024-11,SELL,2161.5,2157.35,-0.08,16,reverse_signal,2.11,3,"KDJ-OB,TOP-DIV",ranging
2024-11-12 01:00,2024-11-13 07:00,2024-11,BUY,2157.35,2153.18,-0.92,30,hard_stop,-1.05,3,"TREND+,KDJ-OS,LOW-VOL",ranging
2024-11-13 08:00,2024-11-13 10:00,2024-11,BUY,2153.6,2148.31,-1.03,2,hard_stop,-1.04,5,"TREND+,KDJ-OS,DIVERG,LOW-VOL",ranging
2024-11-13 11:00,2024-11-13 21:00,2024-11,BUY,2150.5,2165.91,1.04,10,reverse_signal,-1.71,5,"TREND+,KDJ-OS,BB-BOT,KC-BOT,LOW-VOL",ranging
2024-11-13 21:00,2024-11-14 01:00,2024-11,SELL,2165.91,2156.62,0.43,4,reverse_signal,3.37,3,"KDJ-OB,KC-TOP,RSI-OB",ranging
2024-11-14 01:00,2024-11-14 07:00,2024-11,BUY,2156.62,2149.1,-1.25,6,hard_stop,-0.44,3,"TREND+,KDJ-OS,LOW-VOL",ranging
2024-11-14 09:00,2024-11-18 15:00,2024-11,BUY,2150.96,2154.75,-0.12,54,reverse_signal,-1.51,3,"TREND+,KDJ-OS,LOW-VOL",ranging
2024-11-18 15:00,2024-11-18 20:00,2024-11,SELL,2154.75,2153.27,-0.35,5,reverse_signal,0.44,3,"KDJ-OB,TOP-DIV",ranging
2024-11-18 20:00,2024-11-19 07:00,2024-11,BUY,2153.27,2151.39,-0.69,11,reverse_signal,-0.02,4,"TREND+,DIVERG,LOW-VOL",ranging
2024-11-19 07:00,2024-11-19 12:00,2024-11,SELL,2151.39,2158.25,-1.19,5,hard_stop,-0.12,3,"KDJ-OB,TOP-DIV",ranging
2024-11-19 13:00,2024-11-19 16:00,2024-11,BUY,2157.71,2151.98,-1.07,3,hard_stop,1.82,4,"TREND+,DIVERG,LOW-VOL",ranging
2024-11-19 17:00,2024-11-19 20:00,2024-11,BUY,2153.15,2147.63,-1.05,3,hard_stop,-0.07,4,"KDJ-OS,DIVERG,LOW-VOL",ranging
2024-11-20 05:00,2024-11-20 12:00,2024-11,BUY,2145.39,2146.0,-0.44,7,reverse_signal,-1.45,4,"KDJ-OS,DIVERG,LOW-VOL",ranging
2024-11-20 12:00,2024-11-20 18:00,2024-11,SELL,2146.0,2140.88,0.01,6,reverse_signal,-0.46,3,"KDJ-OB,TOP-DIV",ranging
2024-11-20 18:00,2024-11-21 14:00,2024-11,BUY,2140.88,2156.14,1.03,20,reverse_signal,-1.44,4,"KDJ-OS,DIVERG,LOW-VOL",ranging
2024-11-21 14:00,2024-11-21 20:00,2024-11,SELL,2156.14,2153.99,-0.28,6,reverse_signal,1.25,3,"KDJ-OB,TOP-DIV",ranging
2024-11-21 20:00,2024-11-22 01:00,2024-11,BUY,2153.99,2147.3,-1.17,5,hard_stop,-0.02,3,"TREND+,KDJ-OS,LOW-VOL",ranging
2024-11-22 02:00,2024-11-22 06:00,2024-11,BUY,2151.22,2144.44,-1.18,4,hard_stop,-0.58,3,"KDJ-OS,BB-BOT,LOW-VOL",ranging
2024-11-22 08:00,2024-11-22 13:00,2024-11,BUY,2144.37,2139.02,-1.03,5,hard_stop,-2.12,3,"KDJ-OS,KC-BOT,LOW-VOL",ranging
2024-11-22 14:00,2024-11-25 21:00,2024-11,BUY,2140.46,2146.46,0.1,31,reverse_signal,-2.31,5,"KDJ-OS,KC-BOT,DIVERG,LOW-VOL",ranging
2024-11-25 21:00,2024-11-26 02:00,2024-11,SELL,2146.46,2146.97,-0.55,5,reverse_signal,0.91,3,"KDJ-OB,TOP-DIV",ranging
2024-11-26 02:00,2024-11-26 04:00,2024-11,BUY,2146.97,2141.91,-1.01,2,hard_stop,0.91,3,"DIVERG,LOW-VOL",ranging
2024-11-26 05:00,2024-11-27 15:00,2024-11,BUY,2142.59,2155.48,0.79,34,reverse_signal,-0.78,4,"KDJ-OS,DIVERG,LOW-VOL",ranging
2024-11-27 15:00,2024-11-27 18:00,2024-11,SELL,2155.48,2162.31,-1.18,3,hard_stop,1.03,3,"KDJ-OB,TOP-DIV",ranging
2024-11-27 19:00,2024-11-27 23:00,2024-11,SELL,2164.96,2166.46,-0.65,4,reverse_signal,4.03,3,"KDJ-OB,KC-TOP,RSI-OB",ranging
2024-11-27 23:00,2024-11-28 01:00,2024-11,BUY,2166.46,2160.79,-1.07,2,hard_stop,3.56,4,"TREND+,DIVERG,LOW-VOL",ranging
2024-11-28 02:00,2024-11-28 08:00,2024-11,BUY,2160.62,2164.63,-0.1,6,reverse_signal,0.61,4,"TREND+,DIVERG,LOW-VOL",ranging
2024-11-28 08:00,2024-11-28 10:00,2024-11,SELL,2164.63,2163.94,-0.43,2,reverse_signal,1.8,3,"KDJ-OB,TOP-DIV",ranging
2024-11-28 10:00,2024-11-28 13:00,2024-11,BUY,2163.94,2163.85,-0.51,3,reverse_signal,1.24,4,"TREND+,DIVERG,LOW-VOL",ranging
2024-11-28 13:00,2024-11-28 16:00,2024-11,SELL,2163.85,2168.25,-0.94,3,hard_stop,1.01,3,"KDJ-OB,TOP-DIV",ranging
2024-11-28 19:00,2024-11-29 17:00,2024-11,BUY,2166.72,2176.34,0.46,22,reverse_signal,1.47,4,"TREND+,DIVERG,LOW-VOL",ranging
2024-11-29 17:00,2024-11-29 21:00,2024-11,SELL,2176.34,2176.17,-0.48,4,reverse_signal,1.95,3,"KDJ-OB,TOP-DIV",ranging
2024-11-29 21:00,2024-12-02 14:00,2024-11,BUY,2176.17,2182.45,0.13,17,reverse_signal,1.3,4,"TREND+,DIVERG,LOW-VOL",ranging
2024-12-02 14:00,2024-12-02 22:00,2024-12,SELL,2182.45,2191.5,-1.41,8,hard_stop,1.05,3,"KDJ-OB,TOP-DIV",ranging
2024-12-03 03:00,2024-12-03 10:00,2024-12,BUY,2188.68,2182.48,-1.12,7,hard_stop,1.6,4,"TREND+,DIVERG,LOW-VOL",ranging
2024-12-03 11:00,2024-12-03 14:00,2024-12,BUY,2181.05,2171.27,-1.48,3,hard_stop,-1.18,3,"TREND+,KDJ-OS,LOW-VOL",ranging
2024-12-03 15:00,2024-12-04 06:00,2024-12,BUY,2170.23,2164.35,-1.09,15,hard_stop,-3.7,4,"TREND+,KDJ-OS,KC-BOT,LOW-VOL",ranging
2024-12-04 07:00,2024-12-04 09:00,2024-12,BUY,2168.63,2162.7,-1.09,2,hard_stop,-0.82,5,"TREND+,KDJ-OS,DIVERG,LOW-VOL",ranging
2024-12-04 10:00,2024-12-04 17:00,2024-12,BUY,2162.71,2154.4,-1.33,7,hard_stop,-2.26,3,"TREND+,KDJ-OS,LOW-VOL",ranging
2024-12-04 18:00,2024-12-05 09:00,2024-12,BUY,2152.58,2175.08,1.75,15,reverse_signal,-3.62,6,"KDJ-OS,KC-BOT,DIVERG,RSI-OS,LOW-VOL",ranging
2024-12-05 09:00,2024-12-06 00:00,2024-12,SELL,2175.08,2182.18,-1.21,15,hard_stop,2.45,4,"KDJ-OB,KC-TOP,TOP-DIV",ranging
2024-12-06 01:00,2024-12-06 03:00,2024-12,SELL,2178.62,2172.11,0.15,2,reverse_signal,0.94,3,"KDJ-OB,TOP-DIV",ranging
2024-12-06 03:00,2024-12-06 21:00,2024-12,BUY,2172.11,2165.43,-1.17,18,hard_stop,-1.22,3,"TREND+,KDJ-OS,LOW-VOL",ranging
2024-12-06 22:00,2024-12-09 09:00,2024-12,BUY,2168.34,2160.84,-1.25,11,hard_stop,-1.6,6,"KDJ-OS,BB-BOT,KC-BOT,DIVERG,LOW-VOL",ranging
2024-12-09 10:00,2024-12-10 16:00,2024-12,BUY,2157.46,2164.55,0.21,30,reverse_signal,-3.86,7,"KDJ-OS,BB-BOT,KC-BOT,DIVERG,RSI-OS,LOW-VOL",ranging
2024-12-10 16:00,2024-12-10 21:00,2024-12,SELL,2164.55,2170.28,-1.07,5,hard_stop,1.45,3,"KDJ-OB,TOP-DIV",ranging
2024-12-10 22:00,2024-12-11 15:00,2024-12,SELL,2171.42,2162.2,0.42,17,reverse_signal,2.97,4,"KDJ-OB,KC-TOP,TOP-DIV",ranging
2024-12-11 15:00,2024-12-12 07:00,2024-12,BUY,2162.2,2157.39,-0.98,16,hard_stop,-1.0,4,"KDJ-OS,DIVERG,LOW-VOL",ranging
2024-12-12 14:00,2024-12-12 20:00,2024-12,BUY,2160.17,2154.67,-1.05,6,hard_stop,-0.4,3,"DIVERG,LOW-VOL",ranging
2024-12-12 21:00,2024-12-13 12:00,2024-12,BUY,2156.07,2166.38,0.53,15,reverse_signal,-1.52,4,"KDJ-OS,DIVERG,LOW-VOL",ranging
2024-12-13 12:00,2024-12-13 13:00,2024-12,SELL,2166.38,2167.07,-0.57,1,reverse_signal,1.46,3,"KDJ-OB,TOP-DIV",ranging
2024-12-13 13:00,2024-12-14 03:00,2024-12,BUY,2167.07,2176.05,0.4,14,reverse_signal,1.63,4,"TREND+,DIVERG,LOW-VOL",ranging
2024-12-14 03:00,2024-12-14 04:00,2024-12,SELL,2176.05,2177.98,-0.69,1,reverse_signal,2.14,4,"KDJ-OB,KC-TOP,TOP-DIV",ranging
2024-12-14 04:00,2024-12-17 00:00,2024-12,BUY,2177.98,2181.98,-0.1,20,reverse_signal,2.65,4,"TREND+,DIVERG,LOW-VOL",ranging
2024-12-17 00:00,2024-12-17 06:00,2024-12,SELL,2181.98,2188.28,-1.13,6,hard_stop,1.41,3,"KDJ-OB,TOP-DIV",ranging
2024-12-17 07:00,2024-12-17 09:00,2024-12,SELL,2187.85,2191.21,-0.84,2,reverse_signal,2.51,4,"KDJ-OB,KC-TOP,TOP-DIV",ranging
2024-12-17 09:00,2024-12-17 14:00,2024-12,BUY,2191.21,2185.44,-1.08,5,hard_stop,3.32,4,"TREND+,DIVERG,LOW-VOL",ranging
2024-12-17 15:00,2024-12-18 10:00,2024-12,BUY,2184.55,2190.57,0.1,19,reverse_signal,-0.18,5,"TREND+,KDJ-OS,DIVERG,LOW-VOL",ranging
2024-12-18 10:00,2024-12-18 15:00,2024-12,SELL,2190.57,2195.73,-1.02,5,hard_stop,2.26,3,"KDJ-OB,TOP-DIV",ranging
2024-12-18 20:00,2024-12-19 07:00,2024-12,BUY,2190.89,2186.17,-0.97,11,hard_stop,0.59,3,"TREND+,KDJ-OS,LOW-VOL",ranging
2024-12-19 08:00,2024-12-20 00:00,2024-12,BUY,2189.58,2203.57,0.9,16,reverse_signal,0.06,4,"TREND+,KDJ-OS,BB-BOT,LOW-VOL",ranging
2024-12-20 00:00,2024-12-20 03:00,2024-12,SELL,2203.57,2197.47,0.11,3,reverse_signal,2.3,4,"KDJ-OB,KC-TOP,TOP-DIV",ranging
2024-12-20 03:00,2024-12-20 07:00,2024-12,BUY,2197.47,2207.79,0.53,4,reverse_signal,-0.09,3,"TREND+,KDJ-OS,LOW-VOL",ranging
2024-12-20 07:00,2024-12-20 13:00,2024-12,SELL,2207.79,2210.62,-0.78,6,reverse_signal,2.99,4,"KDJ-OB,KC-TOP,TOP-DIV",ranging
2024-12-20 13:00,2024-12-21 02:00,2024-12,BUY,2210.62,2211.56,-0.41,13,reverse_signal,2.46,4,"TREND+,DIVERG,LOW-VOL",ranging
2024-12-21 02:00,2024-12-21 03:00,2024-12,SELL,2211.56,2216.68,-1.01,1,reverse_signal,1.06,3,"KDJ-OB,TOP-DIV",ranging
2024-12-21 03:00,2024-12-23 14:00,2024-12,BUY,2216.68,2218.81,-0.29,11,reverse_signal,2.58,4,"TREND+,DIVERG,LOW-VOL",ranging
2024-12-23 14:00,2024-12-23 20:00,2024-12,SELL,2218.81,2217.2,-0.34,6,reverse_signal,2.09,3,"KDJ-OB,TOP-DIV",ranging
2024-12-23 20:00,2024-12-24 03:00,2024-12,BUY,2217.2,2211.81,-1.04,7,hard_stop,1.05,4,"TREND+,DIVERG,LOW-VOL",ranging
2024-12-24 04:00,2024-12-24 08:00,2024-12,BUY,2211.3,2205.61,-1.07,4,hard_stop,-1.11,3,"TREND+,KDJ-OS,LOW-VOL",ranging
2024-12-24 09:00,2024-12-24 14:00,2024-12,BUY,2205.01,2199.06,-1.1,5,hard_stop,-3.0,4,"TREND+,KDJ-OS,KC-BOT,LOW-VOL",ranging
2024-12-24 15:00,2024-12-24 20:00,2024-12,BUY,2200.11,2192.84,-1.23,5,hard_stop,-3.07,6,"TREND+,KDJ-OS,KC-BOT,DIVERG,LOW-VOL",ranging
2024-12-24 21:00,2024-12-25 17:00,2024-12,BUY,2193.9,2195.52,-0.34,20,reverse_signal,-3.46,7,"TREND+,KDJ-OS,KC-BOT,DIVERG,RSI-OS,LOW-VOL",ranging
2024-12-25 17:00,2024-12-25 21:00,2024-12,SELL,2195.52,2184.86,0.57,4,reverse_signal,-0.25,3,"KDJ-OB,TOP-DIV",ranging
2024-12-25 21:00,2024-12-25 23:00,2024-12,BUY,2184.86,2178.77,-1.11,2,hard_stop,-3.29,3,"KDJ-OS,KC-BOT,LOW-VOL",ranging
2024-12-26 00:00,2024-12-26 09:00,2024-12,BUY,2180.59,2174.45,-1.11,9,hard_stop,-3.48,4,"KDJ-OS,KC-BOT,RSI-OS,LOW-VOL",ranging
2024-12-26 10:00,2024-12-26 14:00,2024-12,BUY,2174.97,2179.63,-0.03,4,reverse_signal,-3.05,6,"KDJ-OS,KC-BOT,DIVERG,RSI-OS,LOW-VOL",ranging
2024-12-26 14:00,2024-12-26 18:00,2024-12,SELL,2179.63,2180.21,-0.56,4,reverse_signal,-0.23,3,"KDJ-OB,TOP-DIV",ranging
2024-12-26 18:00,2024-12-27 01:00,2024-12,BUY,2180.21,2180.89,-0.43,7,reverse_signal,0.01,3,"DIVERG,LOW-VOL",ranging
2024-12-27 01:00,2024-12-27 03:00,2024-12,SELL,2180.89,2187.44,-1.16,2,hard_stop,0.57,3,"KDJ-OB,TOP-DIV",ranging
2024-12-27 04:00,2024-12-27 06:00,2024-12,SELL,2184.66,2188.57,-0.89,2,reverse_signal,1.35,3,"KDJ-OB,TOP-DIV",ranging
2024-12-27 06:00,2024-12-27 17:00,2024-12,BUY,2188.57,2194.11,0.05,11,reverse_signal,2.3,3,"DIVERG,LOW-VOL",ranging
2024-12-27 17:00,2024-12-30 08:00,2024-12,SELL,2194.11,2201.55,-1.24,15,hard_stop,1.97,4,"KDJ-OB,KC-TOP,TOP-DIV",ranging
2024-12-30 09:00,2024-12-30 22:00,2024-12,BUY,2204.68,2199.17,-1.05,13,hard_stop,3.0,4,"TREND+,DIVERG,LOW-VOL",ranging
2024-12-30 23:00,2025-01-01 00:00,2024-12,BUY,2198.35,2211.82,0.85,25,reverse_signal,-0.73,5,"TREND+,KDJ-OS,DIVERG,LOW-VOL",ranging
2025-01-01 00:00,2025-01-01 02:00,2025-01,SELL,2211.82,2213.81,-0.7,2,reverse_signal,1.58,3,"KDJ-OB,TOP-DIV",ranging
2025-01-01 02:00,2025-01-01 05:00,2025-01,BUY,2213.81,2217.79,-0.1,3,reverse_signal,2.04,4,"TREND+,DIVERG,LOW-VOL",ranging
2025-01-01 05:00,2025-01-01 07:00,2025-01,SELL,2217.79,2227.79,-1.5,2,hard_stop,3.01,4,"KDJ-OB,KC-TOP,TOP-DIV",ranging
2026-01-20 13:00,2026-01-21 11:00,2026-01,SELL,4680.02,4835.09,-16.01,21,hard_stop,17.89,5,"KDJ-OB,KC-TOP,TOP-DIV,RSI-OB",transition
2026-01-21 12:00,2026-01-21 17:00,2026-01,SELL,4836.57,4855.11,-2.35,5,reverse_signal,6.54,3,"KDJ-OB,KC-TOP,RSI-OB",ranging
2026-01-21 17:00,2026-01-23 04:00,2026-01,BUY,4855.11,4915.96,5.59,34,reverse_signal,4.77,3,"TREND+,DIVERG",transition
2026-01-23 04:00,2026-01-23 20:00,2026-01,SELL,4915.96,4929.7,-1.87,15,reverse_signal,2.61,3,"KDJ-OB,KC-TOP,RSI-OB",ranging
2026-01-23 20:00,2026-01-26 09:00,2026-01,BUY,4929.7,5039.65,10.49,12,reverse_signal,0.55,3,"TREND+,KDJ-OS,LOW-VOL",ranging
2026-01-26 09:00,2026-01-26 20:00,2026-01,SELL,5039.65,5091.6,-5.7,11,hard_stop,3.29,3,"KDJ-OB,KC-TOP,RSI-OB",ranging
2026-01-27 02:00,2026-01-27 05:00,2026-01,SELL,5089.38,5028.48,5.59,3,reverse_signal,1.2,3,"KDJ-OB,TOP-DIV",ranging
2026-01-27 05:00,2026-01-27 13:00,2026-01,BUY,5028.48,5076.79,4.33,7,reverse_signal,-1.08,3,"TREND+,BB-BOT,LOW-VOL",ranging
2026-01-27 13:00,2026-01-27 19:00,2026-01,SELL,5076.79,5098.65,-2.69,6,reverse_signal,0.63,3,"KDJ-OB,TOP-DIV",ranging
2026-01-27 19:00,2026-01-28 03:00,2026-01,BUY,5098.65,5081.09,-2.26,8,reverse_signal,1.03,4,"TREND+,DIVERG,LOW-VOL",ranging
2026-01-28 03:00,2026-01-28 04:00,2026-01,SELL,5081.09,5087.86,-1.18,1,reverse_signal,0.23,3,"KDJ-OB,TOP-DIV",ranging
2026-01-28 04:00,2026-01-29 02:00,2026-01,BUY,5087.86,5299.64,20.68,21,reverse_signal,0.44,4,"TREND+,DIVERG,LOW-VOL",ranging
2026-01-29 02:00,2026-01-29 06:00,2026-01,SELL,5299.64,5376.49,-8.18,4,hard_stop,2.03,4,"KDJ-OB,TOP-DIV,RSI-OB",transition
2026-01-29 07:00,2026-01-29 09:00,2026-01,SELL,5417.07,5511.38,-9.93,1,hard_stop,3.92,5,"KDJ-OB,KC-TOP,TOP-DIV,RSI-OB",transition
2026-01-29 10:00,2026-01-30 01:00,2026-01,SELL,5520.12,5182.35,33.28,15,reverse_signal,4.53,5,"KDJ-OB,KC-TOP,TOP-DIV,RSI-OB",transition
2026-01-30 01:00,2026-01-30 19:00,2026-01,BUY,5182.35,5013.56,-17.38,17,hard_stop,-4.11,5,"TREND+,KDJ-OS,BB-BOT,KC-BOT,RSI-OS",transition
2026-01-30 20:00,2026-01-31 03:00,2026-01,BUY,5119.43,4849.56,-27.49,7,hard_stop,-1.56,3,"TREND+,KDJ-OS,KC-BOT",transition
2026-01-31 04:00,2026-02-02 13:00,2026-01,BUY,4879.98,4646.55,-23.84,8,hard_stop,-2.36,5,"KDJ-OS,BB-BOT,KC-BOT,DIVERG",transition
2026-02-02 14:00,2026-02-03 10:00,2026-02,BUY,4679.2,4780.11,9.59,19,reverse_signal,-2.1,3,"KDJ-OS,KC-BOT,RSI-OS",transition
2026-02-03 10:00,2026-02-03 23:00,2026-02,SELL,4780.11,4932.5,-15.74,13,hard_stop,0.54,3,"KDJ-OB,TOP-DIV",transition
2026-02-04 00:00,2026-02-04 13:00,2026-02,SELL,4916.94,5069.92,-15.8,12,hard_stop,0.93,3,"KDJ-OB,TOP-DIV",transition
2026-02-05 02:00,2026-02-06 07:00,2026-02,BUY,4904.59,4775.34,-13.43,28,hard_stop,-1.57,3,"KDJ-OS,BB-BOT,KC-BOT",transition
2026-02-06 09:00,2026-02-09 09:00,2026-02,BUY,4703.76,5036.03,32.73,23,reverse_signal,-2.54,3,"KDJ-OS,BB-BOT,RSI-OS",transition
2026-02-09 09:00,2026-02-10 04:00,2026-02,SELL,5036.03,5062.62,-3.16,19,reverse_signal,2.4,3,"KDJ-OB,KC-TOP,RSI-OB",transition
2026-02-10 04:00,2026-02-11 11:00,2026-02,BUY,5062.62,5052.42,-1.52,29,reverse_signal,1.3,4,"TREND+,DIVERG,LOW-VOL",ranging
2026-02-11 11:00,2026-02-11 15:00,2026-02,SELL,5052.42,5052.27,-0.49,4,reverse_signal,0.63,3,"KDJ-OB,TOP-DIV",ranging
2026-02-11 15:00,2026-02-12 05:00,2026-02,BUY,5052.27,5081.96,2.47,14,reverse_signal,0.46,4,"TREND+,DIVERG,LOW-VOL",ranging
2026-02-12 05:00,2026-02-12 06:00,2026-02,SELL,5081.96,5086.61,-0.96,1,reverse_signal,0.49,3,"KDJ-OB,TOP-DIV",ranging
2026-02-12 06:00,2026-02-13 02:00,2026-02,BUY,5086.61,4954.45,-13.72,19,hard_stop,0.6,4,"TREND+,DIVERG,LOW-VOL",ranging
2026-02-13 03:00,2026-02-13 13:00,2026-02,BUY,4940.96,4981.27,3.53,9,reverse_signal,-2.96,4,"BB-BOT,KC-BOT,RSI-OS,LOW-VOL",ranging
2026-02-13 13:00,2026-02-13 16:00,2026-02,SELL,4981.27,4967.16,0.91,3,reverse_signal,-0.27,3,"KDJ-OB,TOP-DIV",transition
2026-02-13 16:00,2026-02-16 20:00,2026-02,BUY,4967.16,5005.98,3.38,27,reverse_signal,-0.49,3,"TREND+,DIVERG",transition
2026-02-16 20:00,2026-02-17 03:00,2026-02,SELL,5005.98,4991.54,0.94,7,reverse_signal,0.14,3,"KDJ-OB,TOP-DIV",ranging
2026-02-17 03:00,2026-02-17 10:00,2026-02,BUY,4991.54,4935.65,-6.09,4,hard_stop,-0.24,3,"TREND+,KDJ-OS,LOW-VOL",ranging
2026-02-17 11:00,2026-02-17 15:00,2026-02,BUY,4957.56,4888.77,-7.38,4,hard_stop,-1.23,3,"BB-BOT,KC-BOT,LOW-VOL",ranging
2026-02-17 16:00,2026-02-19 19:00,2026-02,BUY,4910.26,4995.67,8.04,49,reverse_signal,-2.07,3,"BB-BOT,KC-BOT,LOW-VOL",ranging
2026-02-19 19:00,2026-02-20 10:00,2026-02,SELL,4995.67,5006.31,-1.56,14,reverse_signal,0.77,3,"KDJ-OB,TOP-DIV",ranging
2026-02-20 10:00,2026-02-23 22:00,2026-02,BUY,5006.31,5164.1,15.28,35,reverse_signal,0.77,4,"TREND+,DIVERG,LOW-VOL",ranging
2026-02-23 22:00,2026-02-24 05:00,2026-02,SELL,5164.1,5215.67,-5.66,7,hard_stop,1.72,3,"KDJ-OB,TOP-DIV",ranging
2026-02-24 06:00,2026-02-24 15:00,2026-02,SELL,5236.4,5182.55,4.88,8,reverse_signal,2.86,5,"KDJ-OB,KC-TOP,TOP-DIV,RSI-OB",ranging
2026-02-24 15:00,2026-02-24 23:00,2026-02,BUY,5182.55,5114.98,-7.26,8,hard_stop,0.04,3,"TREND+,KDJ-OS,LOW-VOL",ranging
2026-02-25 00:00,2026-02-26 04:00,2026-02,BUY,5128.54,5201.87,6.83,27,reverse_signal,-1.49,5,"TREND+,KDJ-OS,BB-BOT,KC-BOT,LOW-VOL",ranging
2026-02-26 04:00,2026-02-26 06:00,2026-02,SELL,5201.87,5152.0,4.49,2,reverse_signal,0.69,3,"KDJ-OB,TOP-DIV",ranging
2026-02-26 06:00,2026-02-26 17:00,2026-02,BUY,5152.0,5185.91,2.89,10,reverse_signal,-1.4,3,"TREND+,BB-BOT,LOW-VOL",ranging
2026-02-26 17:00,2026-02-26 19:00,2026-02,SELL,5185.91,5186.37,-0.55,2,reverse_signal,-0.03,3,"KDJ-OB,TOP-DIV",ranging
2026-02-26 19:00,2026-02-27 02:00,2026-02,BUY,5186.37,5179.66,-1.17,7,reverse_signal,0.02,4,"TREND+,DIVERG,LOW-VOL",ranging
2026-02-27 02:00,2026-02-27 04:00,2026-02,SELL,5179.66,5180.2,-0.55,2,reverse_signal,-0.03,3,"KDJ-OB,TOP-DIV",ranging
2026-02-27 04:00,2026-02-28 07:00,2026-02,BUY,5180.2,5278.79,9.36,26,reverse_signal,0.04,4,"TREND+,DIVERG,LOW-VOL",ranging
2026-02-28 07:00,2026-03-02 09:00,2026-02,SELL,5278.79,5386.79,-11.3,1,hard_stop,2.84,3,"KDJ-OB,KC-TOP,RSI-OB",ranging
2026-03-02 10:00,2026-03-02 17:00,2026-03,SELL,5347.25,5408.24,-6.6,7,hard_stop,3.84,3,"KDJ-OB,KC-TOP,RSI-OB",transition
2026-03-02 18:00,2026-03-03 02:00,2026-03,SELL,5393.95,5289.78,9.92,8,reverse_signal,2.93,5,"KDJ-OB,KC-TOP,TOP-DIV,RSI-OB",transition
2026-03-03 02:00,2026-03-03 21:00,2026-03,BUY,5289.78,5144.71,-15.01,18,hard_stop,-1.45,3,"TREND+,KDJ-OS,LOW-VOL",ranging
2026-03-03 22:00,2026-03-04 00:00,2026-03,BUY,5224.46,5037.68,-19.18,2,hard_stop,-1.62,4,"TREND+,KDJ-OS,BB-BOT,KC-BOT",transition
2026-03-04 01:00,2026-03-04 10:00,2026-03,BUY,5095.64,5138.53,3.79,8,reverse_signal,-2.73,3,"KDJ-OS,BB-BOT,KC-BOT",transition
2026-03-04 10:00,2026-03-04 19:00,2026-03,SELL,5138.53,5182.12,-4.86,9,reverse_signal,-0.71,3,"KDJ-OB,TOP-DIV",transition
2026-03-04 19:00,2026-03-05 14:00,2026-03,BUY,5182.12,5171.5,-1.56,18,reverse_signal,0.26,3,"DIVERG,LOW-VOL",ranging
2026-03-05 14:00,2026-03-06 01:00,2026-03,SELL,5171.5,5102.38,6.41,11,reverse_signal,0.21,3,"KDJ-OB,TOP-DIV",ranging
2026-03-06 01:00,2026-03-09 20:00,2026-03,BUY,5102.38,5105.3,-0.21,41,reverse_signal,-1.41,3,"BB-BOT,KC-BOT,LOW-VOL",ranging
2026-03-09 20:00,2026-03-09 23:00,2026-03,SELL,5105.3,5094.96,0.53,3,reverse_signal,-0.04,3,"KDJ-OB,TOP-DIV",ranging
2026-03-09 23:00,2026-03-10 05:00,2026-03,BUY,5094.96,5123.19,2.32,6,reverse_signal,-0.23,4,"KDJ-OS,DIVERG,LOW-VOL",ranging
2026-03-10 05:00,2026-03-10 12:00,2026-03,SELL,5123.19,5184.05,-6.59,6,reverse_signal,0.65,3,"KDJ-OB,TOP-DIV",ranging
2026-03-10 12:00,2026-03-11 00:00,2026-03,BUY,5184.05,5205.65,1.66,12,reverse_signal,1.92,3,"DIVERG,LOW-VOL",ranging
2026-03-11 00:00,2026-03-11 20:00,2026-03,SELL,5205.65,5187.62,1.3,19,reverse_signal,1.6,3,"KDJ-OB,TOP-DIV",ranging
2026-03-11 20:00,2026-03-12 09:00,2026-03,BUY,5187.62,5138.95,-5.37,12,hard_stop,-0.28,3,"TREND+,KDJ-OS,LOW-VOL",ranging
2026-03-12 10:00,2026-03-13 06:00,2026-03,BUY,5134.17,5084.56,-5.46,20,hard_stop,-1.75,5,"KDJ-OS,BB-BOT,DIVERG,LOW-VOL",ranging
2026-03-13 07:00,2026-03-14 06:00,2026-03,BUY,5079.73,5016.25,-6.85,22,hard_stop,-2.55,5,"KDJ-OS,BB-BOT,KC-BOT,RSI-OS,LOW-VOL",ranging
2026-03-14 07:00,2026-03-16 17:00,2026-03,BUY,5020.44,5012.1,-1.33,9,reverse_signal,-2.19,3,"KDJ-OS,RSI-OS,LOW-VOL",ranging
2026-03-16 17:00,2026-03-16 20:00,2026-03,SELL,5012.1,4975.3,3.18,3,reverse_signal,-1.04,3,"KDJ-OB,TOP-DIV",ranging
2026-03-16 20:00,2026-03-17 12:00,2026-03,BUY,4975.3,5027.7,4.74,15,reverse_signal,-2.02,3,"KDJ-OS,RSI-OS,LOW-VOL",ranging
2026-03-17 12:00,2026-03-18 07:00,2026-03,SELL,5027.7,5003.38,1.93,19,reverse_signal,0.65,3,"KDJ-OB,TOP-DIV",ranging
2026-03-18 07:00,2026-03-18 22:00,2026-03,BUY,5003.38,4930.19,-7.82,14,hard_stop,-0.26,3,"DIVERG,LOW-VOL",ranging
2026-03-18 23:00,2026-03-19 07:00,2026-03,BUY,4881.57,4818.59,-6.8,8,hard_stop,-4.45,5,"KDJ-OS,BB-BOT,KC-BOT,RSI-OS,LOW-VOL",ranging
2026-03-19 09:00,2026-03-19 17:00,2026-03,BUY,4834.47,4763.77,-7.57,8,hard_stop,-2.8,3,"KDJ-OS,KC-BOT,RSI-OS",transition
2026-03-19 18:00,2026-03-19 22:00,2026-03,BUY,4727.86,4652.6,-8.03,4,hard_stop,-4.34,4,"KDJ-OS,BB-BOT,KC-BOT,RSI-OS",transition
2026-03-19 23:00,2026-03-23 10:00,2026-03,BUY,4574.24,4464.67,-11.46,33,hard_stop,-5.5,4,"KDJ-OS,BB-BOT,KC-BOT,RSI-OS",transition
2026-03-23 11:00,2026-03-23 17:00,2026-03,BUY,4354.13,4220.4,-13.87,6,hard_stop,-4.02,4,"KDJ-OS,BB-BOT,KC-BOT,RSI-OS",transition
2026-03-23 18:00,2026-03-23 23:00,2026-03,BUY,4203.95,4478.49,26.95,5,reverse_signal,-3.64,4,"KDJ-OS,BB-BOT,KC-BOT,RSI-OS",transition
2026-03-23 23:00,2026-03-24 12:00,2026-03,SELL,4478.49,4321.97,15.15,12,reverse_signal,1.06,3,"KDJ-OB,TOP-DIV",transition
2026-03-24 12:00,2026-03-24 19:00,2026-03,BUY,4321.97,4411.94,8.5,7,reverse_signal,-1.1,3,"KDJ-OS,DIVERG",transition
2026-03-24 19:00,2026-03-25 02:00,2026-03,SELL,4411.94,4411.67,-0.47,7,reverse_signal,0.34,3,"KDJ-OB,TOP-DIV",transition
2026-03-25 02:00,2026-03-25 12:00,2026-03,BUY,4411.67,4594.72,17.81,9,reverse_signal,0.23,3,"DIVERG,LOW-VOL",ranging
2026-03-25 12:00,2026-03-26 07:00,2026-03,SELL,4594.72,4505.45,8.43,19,reverse_signal,2.65,3,"KDJ-OB,KC-TOP,RSI-OB",transition
2026-03-26 07:00,2026-03-26 20:00,2026-03,BUY,4505.45,4423.59,-8.69,12,hard_stop,-0.63,3,"KDJ-OS,BB-BOT,LOW-VOL",ranging
2026-03-27 05:00,2026-03-28 02:00,2026-03,BUY,4394.48,4523.92,12.44,20,reverse_signal,-1.46,3,"KDJ-OS,DIVERG",transition
2026-03-28 02:00,2026-03-30 11:00,2026-03,SELL,4523.92,4432.07,8.69,8,reverse_signal,2.15,4,"KDJ-OB,KC-TOP,TOP-DIV",transition
2026-03-30 11:00,2026-03-30 15:00,2026-03,BUY,4432.07,4496.83,5.98,4,reverse_signal,-0.89,3,"KDJ-OS,DIVERG",transition
2026-03-30 15:00,2026-03-30 22:00,2026-03,SELL,4496.83,4559.46,-6.76,7,reverse_signal,0.69,3,"KDJ-OB,TOP-DIV",transition
2026-03-30 22:00,2026-03-31 14:00,2026-03,BUY,4559.46,4557.07,-0.74,15,reverse_signal,1.68,3,"DIVERG,LOW-VOL",ranging
2026-03-31 14:00,2026-03-31 22:00,2026-03,SELL,4557.07,4582.22,-3.02,8,reverse_signal,0.71,3,"KDJ-OB,TOP-DIV",ranging
2026-03-31 22:00,2026-04-01 05:00,2026-03,BUY,4582.22,4667.41,8.02,7,reverse_signal,1.03,4,"TREND+,DIVERG,LOW-VOL",ranging
2026-04-01 05:00,2026-04-01 10:00,2026-04,SELL,4667.41,4696.24,-3.38,4,reverse_signal,2.5,3,"KDJ-OB,KC-TOP,RSI-OB",transition
2026-04-01 10:00,2026-04-01 17:00,2026-04,BUY,4696.24,4730.47,2.92,7,reverse_signal,2.52,3,"TREND+,DIVERG",transition
2026-04-01 17:00,2026-04-01 19:00,2026-04,SELL,4730.47,4728.52,-0.31,2,reverse_signal,2.46,3,"TOP-DIV,RSI-OB",transition
2026-04-01 19:00,2026-04-01 22:00,2026-04,BUY,4728.52,4752.42,1.89,3,reverse_signal,2.0,3,"TREND+,DIVERG",transition
2026-04-01 22:00,2026-04-02 12:00,2026-04,SELL,4752.42,4696.55,5.09,13,reverse_signal,2.27,3,"KDJ-OB,KC-TOP,RSI-OB",ranging
2026-04-02 12:00,2026-04-02 16:00,2026-04,BUY,4696.55,4594.12,-10.74,4,hard_stop,-1.22,4,"TREND+,BB-BOT,KC-BOT,LOW-VOL",ranging
2026-04-02 17:00,2026-04-07 15:00,2026-04,BUY,4599.12,4659.55,5.54,44,reverse_signal,-2.71,4,"TREND+,KDJ-OS,BB-BOT,KC-BOT",transition
2026-04-07 15:00,2026-04-07 17:00,2026-04,SELL,4659.55,4653.37,0.12,2,reverse_signal,0.07,3,"KDJ-OB,TOP-DIV",ranging
2026-04-07 17:00,2026-04-08 09:00,2026-04,BUY,4653.37,4818.12,15.98,15,reverse_signal,-0.1,4,"TREND+,DIVERG,LOW-VOL",ranging
2026-04-08 09:00,2026-04-09 02:00,2026-04,SELL,4818.12,4756.35,5.68,17,reverse_signal,4.11,3,"KDJ-OB,KC-TOP,RSI-OB",transition
2026-04-09 02:00,2026-04-10 22:00,2026-04,BUY,4756.35,4768.05,0.67,42,reverse_signal,-0.31,3,"TREND+,KDJ-OS,LOW-VOL",ranging
2026-04-10 22:00,2026-04-11 05:00,2026-04,SELL,4768.05,4765.22,-0.22,7,reverse_signal,0.52,3,"KDJ-OB,TOP-DIV",ranging
2026-04-11 05:00,2026-04-13 09:00,2026-04,BUY,4765.22,4659.03,-11.12,3,hard_stop,0.16,4,"TREND+,DIVERG,LOW-VOL",ranging
2026-04-13 10:00,2026-04-13 16:00,2026-04,BUY,4671.36,4729.27,5.29,6,reverse_signal,-2.91,7,"KDJ-OS,BB-BOT,KC-BOT,DIVERG,RSI-OS,LOW-VOL",ranging
2026-04-13 16:00,2026-04-13 21:00,2026-04,SELL,4729.27,4722.11,0.22,5,reverse_signal,-0.16,3,"KDJ-OB,TOP-DIV",ranging
2026-04-13 21:00,2026-04-14 18:00,2026-04,BUY,4722.11,4777.17,5.01,20,reverse_signal,-0.33,4,"TREND+,DIVERG,LOW-VOL",ranging
2026-04-14 18:00,2026-04-15 04:00,2026-04,SELL,4777.17,4835.09,-6.29,10,hard_stop,1.14,3,"KDJ-OB,TOP-DIV",ranging
2026-04-15 05:00,2026-04-15 15:00,2026-04,SELL,4835.59,4824.79,0.58,9,reverse_signal,2.38,5,"KDJ-OB,KC-TOP,TOP-DIV,RSI-OB",ranging
2026-04-15 15:00,2026-04-16 00:00,2026-04,BUY,4824.79,4828.8,-0.1,9,reverse_signal,0.59,3,"TREND+,KDJ-OS,LOW-VOL",ranging
2026-04-16 00:00,2026-04-16 04:00,2026-04,SELL,4828.8,4792.48,3.13,4,reverse_signal,0.84,3,"KDJ-OB,TOP-DIV",ranging
2026-04-16 04:00,2026-04-22 01:00,2026-04,BUY,4792.48,4739.07,-5.84,89,hard_stop,-0.91,3,"TREND+,KDJ-OS,LOW-VOL",ranging
2026-04-22 02:00,2026-04-22 06:00,2026-04,BUY,4740.08,4679.32,-6.58,4,hard_stop,-2.2,4,"BB-BOT,KC-BOT,RSI-OS,LOW-VOL",ranging
2026-04-22 07:00,2026-04-24 13:00,2026-04,BUY,4718.75,4676.66,-4.71,51,hard_stop,-1.5,3,"KDJ-OS,KC-BOT,LOW-VOL",ranging
2026-04-24 18:00,2026-04-27 16:00,2026-04,BUY,4694.37,4709.97,1.06,21,reverse_signal,-0.14,3,"DIVERG,LOW-VOL",ranging
2026-04-27 16:00,2026-04-28 16:00,2026-04,SELL,4709.97,4632.03,7.29,23,reverse_signal,0.09,3,"KDJ-OB,TOP-DIV",ranging
2026-04-28 16:00,2026-04-28 22:00,2026-04,BUY,4632.03,4562.5,-7.45,6,hard_stop,-3.19,5,"KDJ-OS,BB-BOT,KC-BOT,RSI-OS,LOW-VOL",ranging
2026-04-28 23:00,2026-04-29 20:00,2026-04,BUY,4593.65,4555.62,-4.3,20,hard_stop,-2.57,4,"KDJ-OS,BB-BOT,KC-BOT,LOW-VOL",ranging
2026-04-29 21:00,2026-04-30 00:00,2026-04,BUY,4569.81,4521.71,-5.31,3,hard_stop,-1.2,3,"KDJ-OS,BB-BOT,LOW-VOL",ranging
2026-04-30 01:00,2026-04-30 10:00,2026-04,BUY,4539.31,4561.65,1.73,8,reverse_signal,-1.83,4,"KDJ-OS,BB-BOT,KC-BOT,LOW-VOL",ranging
2026-04-30 10:00,2026-04-30 16:00,2026-04,SELL,4561.65,4562.48,-0.58,6,reverse_signal,0.03,3,"KDJ-OB,TOP-DIV",ranging
2026-04-30 16:00,2026-05-02 01:00,2026-04,BUY,4562.48,4631.96,6.45,32,reverse_signal,0.07,3,"DIVERG,LOW-VOL",ranging
2026-05-02 01:00,2026-05-04 14:00,2026-05,SELL,4631.96,4614.94,1.2,12,reverse_signal,1.58,4,"KDJ-OB,KC-TOP,TOP-DIV",ranging
2026-05-04 14:00,2026-05-04 19:00,2026-05,BUY,4614.94,4576.91,-4.3,5,hard_stop,0.15,4,"KDJ-OS,DIVERG,LOW-VOL",ranging
2026-05-04 21:00,2026-05-05 03:00,2026-05,BUY,4562.55,4510.5,-5.71,6,hard_stop,-1.79,4,"KDJ-OS,BB-BOT,KC-BOT,LOW-VOL",ranging
2026-05-05 04:00,2026-05-06 11:00,2026-05,BUY,4522.14,4618.64,9.15,29,reverse_signal,-2.19,4,"KDJ-OS,KC-BOT,RSI-OS,LOW-VOL",ranging
2026-05-06 11:00,2026-05-06 16:00,2026-05,SELL,4618.64,4662.9,-4.93,5,hard_stop,2.89,3,"KDJ-OB,KC-TOP,RSI-OB",ranging
2026-05-06 17:00,2026-05-06 18:00,2026-05,SELL,4669.12,4681.45,-1.73,1,reverse_signal,3.83,3,"KDJ-OB,KC-TOP,RSI-OB",transition
2026-05-06 18:00,2026-05-08 18:00,2026-05,BUY,4681.45,4707.87,2.14,46,reverse_signal,4.05,3,"TREND+,DIVERG",transition
2026-05-08 18:00,2026-05-08 19:00,2026-05,SELL,4707.87,4715.65,-1.28,1,reverse_signal,-0.28,3,"KDJ-OB,TOP-DIV",ranging
2026-05-08 19:00,2026-05-09 00:00,2026-05,BUY,4715.65,4747.92,2.73,5,reverse_signal,0.08,4,"TREND+,DIVERG,LOW-VOL",ranging
2026-05-09 00:00,2026-05-09 03:00,2026-05,SELL,4747.92,4712.32,3.06,3,reverse_signal,1.38,3,"KDJ-OB,TOP-DIV",ranging
2026-05-09 03:00,2026-05-11 15:00,2026-05,BUY,4712.32,4671.91,-4.54,11,hard_stop,-0.21,3,"TREND+,KDJ-OS,LOW-VOL",ranging
2026-05-11 16:00,2026-05-15 12:00,2026-05,BUY,4652.17,4613.73,-4.34,88,hard_stop,-2.14,4,"TREND+,KDJ-OS,RSI-OS,LOW-VOL",ranging
2026-05-15 13:00,2026-05-15 16:00,2026-05,BUY,4618.01,4558.86,-6.42,3,hard_stop,-2.4,4,"KDJ-OS,KC-BOT,RSI-OS,LOW-VOL",ranging
2026-05-15 17:00,2026-05-18 11:00,2026-05,BUY,4569.57,4515.94,-5.86,17,hard_stop,-3.41,3,"KDJ-OS,KC-BOT,RSI-OS",transition
2026-05-18 12:00,2026-05-19 11:00,2026-05,BUY,4525.3,4563.22,3.29,22,reverse_signal,-1.38,5,"BB-BOT,KC-BOT,DIVERG,LOW-VOL",ranging
2026-05-19 11:00,2026-05-19 21:00,2026-05,SELL,4563.22,4544.53,1.37,10,reverse_signal,0.27,3,"KDJ-OB,TOP-DIV",ranging
2026-05-19 21:00,2026-05-20 01:00,2026-05,BUY,4544.53,4494.04,-5.55,4,hard_stop,-0.31,3,"DIVERG,LOW-VOL",ranging
2026-05-20 07:00,2026-05-22 05:00,2026-05,BUY,4481.88,4531.84,4.5,44,reverse_signal,-1.87,4,"KDJ-OS,DIVERG,LOW-VOL",ranging
2026-05-22 05:00,2026-05-22 17:00,2026-05,SELL,4531.84,4526.78,0.01,11,reverse_signal,0.4,3,"KDJ-OB,TOP-DIV",ranging
2026-05-22 17:00,2026-05-26 04:00,2026-05,BUY,4526.78,4565.02,3.32,34,reverse_signal,0.01,4,"KDJ-OS,DIVERG,LOW-VOL",ranging
2026-05-26 04:00,2026-05-26 12:00,2026-05,SELL,4565.02,4536.91,2.31,5,reverse_signal,0.44,3,"KDJ-OB,TOP-DIV",ranging
2026-05-26 12:00,2026-05-27 03:00,2026-05,BUY,4536.91,4504.8,-3.71,15,hard_stop,-1.39,3,"KDJ-OS,BB-BOT,LOW-VOL",ranging
2026-05-27 04:00,2026-05-27 21:00,2026-05,BUY,4490.93,4445.67,-5.03,16,hard_stop,-2.12,4,"KDJ-OS,DIVERG,LOW-VOL",ranging
2026-05-27 22:00,2026-05-28 07:00,2026-05,BUY,4428.62,4455.98,2.24,9,reverse_signal,-3.48,5,"KDJ-OS,BB-BOT,KC-BOT,RSI-OS,LOW-VOL",ranging
2026-05-28 07:00,2026-05-28 11:00,2026-05,SELL,4455.98,4456.97,-0.6,3,reverse_signal,-0.56,3,"KDJ-OB,TOP-DIV",ranging
2026-05-28 11:00,2026-05-28 12:00,2026-05,BUY,4456.97,4409.94,-5.2,1,hard_stop,-0.34,3,"DIVERG,LOW-VOL",ranging
2026-05-28 13:00,2026-05-29 22:00,2026-05,BUY,4394.4,4538.3,13.89,32,reverse_signal,-2.92,6,"KDJ-OS,KC-BOT,DIVERG,RSI-OS,LOW-VOL",ranging
2026-05-29 22:00,2026-06-01 10:00,2026-05,SELL,4538.3,4539.47,-0.62,11,reverse_signal,2.02,4,"KDJ-OB,TOP-DIV,RSI-OB",ranging
2026-06-01 10:00,2026-06-01 17:00,2026-06,BUY,4539.47,4501.56,-4.29,7,hard_stop,0.43,3,"TREND+,KDJ-OS,LOW-VOL",ranging
2026-06-02 00:00,2026-06-05 23:00,2026-06,BUY,4450.2,4405.89,-4.93,91,hard_stop,-3.15,5,"KDJ-OS,BB-BOT,KC-BOT,RSI-OS,LOW-VOL",ranging
2026-06-06 00:00,2026-06-06 05:00,2026-06,BUY,4365.65,4322.27,-4.84,5,hard_stop,-4.14,4,"BB-BOT,KC-BOT,RSI-OS,LOW-VOL",ranging
2026-06-06 06:00,2026-06-09 14:00,2026-06,BUY,4318.43,4335.62,1.22,30,reverse_signal,-3.88,3,"KDJ-OS,KC-BOT,RSI-OS",transition
2026-06-09 14:00,2026-06-09 17:00,2026-06,SELL,4335.62,4345.25,-1.46,3,reverse_signal,0.2,3,"KDJ-OB,TOP-DIV",ranging
2026-06-09 17:00,2026-06-10 00:00,2026-06,BUY,4345.25,4340.12,-1.01,7,reverse_signal,0.7,3,"DIVERG,LOW-VOL",ranging
2026-06-10 00:00,2026-06-10 02:00,2026-06,SELL,4340.12,4294.47,4.06,2,reverse_signal,0.42,3,"KDJ-OB,TOP-DIV",ranging
2026-06-10 02:00,2026-06-10 04:00,2026-06,BUY,4294.47,4258.27,-4.12,2,hard_stop,-2.35,3,"BB-BOT,KC-BOT,LOW-VOL",ranging
2026-06-10 05:00,2026-06-10 11:00,2026-06,BUY,4259.87,4221.08,-4.38,5,hard_stop,-3.48,4,"KDJ-OS,KC-BOT,RSI-OS,LOW-VOL",ranging
2026-06-10 12:00,2026-06-10 23:00,2026-06,BUY,4196.87,4147.54,-5.43,11,hard_stop,-5.25,3,"KDJ-OS,KC-BOT,RSI-OS",transition
2026-06-11 00:00,2026-06-11 05:00,2026-06,BUY,4153.25,4117.5,-4.08,5,hard_stop,-3.54,5,"KDJ-OS,KC-BOT,DIVERG,RSI-OS",transition
2026-06-11 06:00,2026-06-11 09:00,2026-06,BUY,4100.38,4061.69,-4.37,2,hard_stop,-4.12,6,"KDJ-OS,KC-BOT,DIVERG,RSI-OS,LOW-VOL",ranging
2026-06-11 10:00,2026-06-11 18:00,2026-06,BUY,4051.91,4095.18,3.83,8,reverse_signal,-5.23,5,"KDJ-OS,KC-BOT,DIVERG,RSI-OS",transition
2026-06-11 18:00,2026-06-11 21:00,2026-06,SELL,4095.18,4093.05,-0.29,3,reverse_signal,-0.91,3,"KDJ-OB,TOP-DIV",transition
2026-06-11 21:00,2026-06-12 05:00,2026-06,BUY,4093.05,4137.49,3.94,8,reverse_signal,-0.82,3,"DIVERG,LOW-VOL",ranging
2026-06-12 05:00,2026-06-12 07:00,2026-06,SELL,4137.49,4213.0,-8.05,2,hard_stop,2.09,3,"KC-TOP,TOP-DIV",ranging
2026-06-12 09:00,2026-06-15 09:00,2026-06,SELL,4211.63,4294.25,-8.76,23,hard_stop,4.33,4,"KDJ-OB,KC-TOP,TOP-DIV",transition
2026-06-15 10:00,2026-06-15 12:00,2026-06,BUY,4285.1,4295.95,0.58,2,reverse_signal,3.96,3,"DIVERG,LOW-VOL",ranging
2026-06-15 12:00,2026-06-15 13:00,2026-06,SELL,4295.95,4323.79,-3.28,1,reverse_signal,3.92,5,"KDJ-OB,KC-TOP,TOP-DIV,RSI-OB",transition
2026-06-15 13:00,2026-06-15 22:00,2026-06,BUY,4323.79,4338.07,0.93,9,reverse_signal,4.87,3,"TREND+,DIVERG",transition
2026-06-15 22:00,2026-06-16 01:00,2026-06,SELL,4338.07,4355.65,-2.26,3,reverse_signal,3.43,3,"KDJ-OB,KC-TOP,RSI-OB",transition
2026-06-16 01:00,2026-06-16 03:00,2026-06,BUY,4355.65,4355.45,-0.52,2,reverse_signal,3.83,3,"TREND+,DIVERG",transition
2026-06-16 03:00,2026-06-16 06:00,2026-06,SELL,4355.45,4322.03,2.84,3,reverse_signal,3.39,5,"KDJ-OB,KC-TOP,TOP-DIV,RSI-OB",ranging
2026-06-16 06:00,2026-06-17 12:00,2026-06,BUY,4322.03,4342.17,1.51,28,reverse_signal,0.51,3,"TREND+,KDJ-OS,LOW-VOL",ranging
2026-06-17 12:00,2026-06-17 16:00,2026-06,SELL,4342.17,4325.69,1.15,4,reverse_signal,0.89,3,"KDJ-OB,TOP-DIV",ranging
2026-06-17 16:00,2026-06-18 06:00,2026-06,BUY,4325.69,4288.67,-4.2,14,hard_stop,-0.84,3,"TREND+,KDJ-OS,LOW-VOL",ranging
